Relevance,Sequence,Support,Max Relevance,Min Relevance
1.5871043004867933,"[(3986, 'Stopped', 'Battery'), (2708, 'Stopped', 'Battery'), (4140, 'Stopped', 'Battery'), (4030, 'Stopped', 'Battery'), (4026, 'Stopped', 'Battery')]",0.7315436241610739,2.1695278969957084,0.014560589912722873
1.5871043004867933,"[(4030, 'Stopped', 'Battery'), (3986, 'Stopped', 'Battery'), (2708, 'Stopped', 'Battery'), (4026, 'Stopped', 'Battery')]",0.7315436241610739,2.1695278969957084,0.014560589912722873
1.5871043004867933,"[(4030, 'Stopped', 'Battery'), (3986, 'Stopped', 'Battery'), (4140, 'Stopped', 'Battery'), (4026, 'Stopped', 'Battery')]",0.7315436241610739,2.1695278969957084,0.014560589912722873
1.5871043004867933,"[(4030, 'Stopped', 'Battery'), (3986, 'Stopped', 'Battery'), (4026, 'Stopped', 'Battery')]",0.7315436241610739,2.1695278969957084,0.014560589912722873
1.5837057902073783,"[(4030, 'Stopped', 'Battery'), (3986, 'Stopped', 'Battery')]",0.7315436241610739,2.164882226980728,0.014529410919333746
1.5837057902073783,"[(4030, 'Stopped', 'Battery'), (3986, 'Stopped', 'Battery'), (4140, 'Stopped', 'Battery'), (2708, 'Stopped', 'Battery')]",0.7315436241610739,2.164882226980728,0.014529410919333746
1.5837057902073783,"[(4030, 'Stopped', 'Battery'), (3986, 'Stopped', 'Battery'), (2708, 'Stopped', 'Battery')]",0.7315436241610739,2.164882226980728,0.014529410919333746
1.5837057902073783,"[(4030, 'Stopped', 'Battery'), (3986, 'Stopped', 'Battery'), (4140, 'Stopped', 'Battery')]",0.7315436241610739,2.164882226980728,0.014529410919333746
1.5793219162230965,"[(3986, 'Stopped', 'Battery'), (4026, 'Stopped', 'Battery'), (4140, 'Stopped', 'Battery'), (4030, 'Stopped', 'Battery'), (2852, 'Stopped', 'Battery')]",0.7248322147651006,2.1788793103448274,0.014623351076139782
1.5793219162230965,"[(3986, 'Stopped', 'Battery'), (2708, 'Stopped', 'Battery'), (4140, 'Stopped', 'Battery'), (4030, 'Stopped', 'Battery'), (2854, 'Stopped', 'Battery'), (4026, 'Stopped', 'Battery')]",0.7248322147651006,2.1788793103448274,0.014623351076139782
1.5793219162230965,"[(4030, 'Stopped', 'Battery'), (3986, 'Stopped', 'Battery'), (2852, 'Stopped', 'Battery'), (4026, 'Stopped', 'Battery')]",0.7248322147651006,2.1788793103448274,0.014623351076139782
1.5793219162230965,"[(3986, 'Stopped', 'Battery'), (4026, 'Stopped', 'Battery'), (4030, 'Stopped', 'Battery'), (2852, 'Stopped', 'Battery'), (4110, 'Stopped', 'Battery')]",0.7248322147651006,2.1788793103448274,0.014623351076139782
1.5793219162230965,"[(3986, 'Stopped', 'Battery'), (4026, 'Stopped', 'Battery'), (4110, 'Stopped', 'Battery'), (4030, 'Stopped', 'Battery'), (2854, 'Stopped', 'Battery'), (2852, 'Stopped', 'Battery')]",0.7248322147651006,2.1788793103448274,0.014623351076139782
1.5793219162230965,"[(3986, 'Stopped', 'Battery'), (2708, 'Stopped', 'Battery'), (4110, 'Stopped', 'Battery'), (4030, 'Stopped', 'Battery'), (2854, 'Stopped', 'Battery'), (4026, 'Stopped', 'Battery')]",0.7248322147651006,2.1788793103448274,0.014623351076139782
1.5793219162230965,"[(3986, 'Stopped', 'Battery'), (2708, 'Stopped', 'Battery'), (4026, 'Stopped', 'Battery'), (4030, 'Stopped', 'Battery'), (2854, 'Stopped', 'Battery'), (2852, 'Stopped', 'Battery')]",0.7248322147651006,2.1788793103448274,0.014623351076139782
1.5793219162230965,"[(3986, 'Stopped', 'Battery'), (2708, 'Stopped', 'Battery'), (4026, 'Stopped', 'Battery'), (4140, 'Stopped', 'Battery'), (4030, 'Stopped', 'Battery'), (2854, 'Stopped', 'Battery'), (2852, 'Stopped', 'Battery')]",0.7248322147651006,2.1788793103448274,0.014623351076139782
1.5793219162230965,"[(3986, 'Stopped', 'Battery'), (2708, 'Stopped', 'Battery'), (4110, 'Stopped', 'Battery'), (4140, 'Stopped', 'Battery'), (4030, 'Stopped', 'Battery'), (2854, 'Stopped', 'Battery'), (4026, 'Stopped', 'Battery')]",0.7248322147651006,2.1788793103448274,0.014623351076139782
1.5793219162230965,"[(4030, 'Stopped', 'Battery'), (3986, 'Stopped', 'Battery'), (2854, 'Stopped', 'Battery'), (4026, 'Stopped', 'Battery')]",0.7248322147651006,2.1788793103448274,0.014623351076139782
1.5793219162230965,"[(3986, 'Stopped', 'Battery'), (2708, 'Stopped', 'Battery'), (4026, 'Stopped', 'Battery'), (4140, 'Stopped', 'Battery'), (4030, 'Stopped', 'Battery'), (2852, 'Stopped', 'Battery')]",0.7248322147651006,2.1788793103448274,0.014623351076139782
1.5793219162230965,"[(3986, 'Stopped', 'Battery'), (2708, 'Stopped', 'Battery'), (4026, 'Stopped', 'Battery'), (4140, 'Stopped', 'Battery'), (4030, 'Stopped', 'Battery'), (4110, 'Stopped', 'Battery')]",0.7248322147651006,2.1788793103448274,0.014623351076139782
1.5793219162230965,"[(4030, 'Stopped', 'Battery'), (3986, 'Stopped', 'Battery'), (4110, 'Stopped', 'Battery'), (4026, 'Stopped', 'Battery')]",0.7248322147651006,2.1788793103448274,0.014623351076139782
1.5793219162230965,"[(3986, 'Stopped', 'Battery'), (4026, 'Stopped', 'Battery'), (4110, 'Stopped', 'Battery'), (4140, 'Stopped', 'Battery'), (4030, 'Stopped', 'Battery'), (2854, 'Stopped', 'Battery'), (2852, 'Stopped', 'Battery')]",0.7248322147651006,2.1788793103448274,0.014623351076139782
1.5793219162230965,"[(3986, 'Stopped', 'Battery'), (2708, 'Stopped', 'Battery'), (4026, 'Stopped', 'Battery'), (4110, 'Stopped', 'Battery'), (4140, 'Stopped', 'Battery'), (4030, 'Stopped', 'Battery'), (2854, 'Stopped', 'Battery'), (2852, 'Stopped', 'Battery')]",0.7248322147651006,2.1788793103448274,0.014623351076139782
1.5793219162230965,"[(3986, 'Stopped', 'Battery'), (4026, 'Stopped', 'Battery'), (4140, 'Stopped', 'Battery'), (4030, 'Stopped', 'Battery'), (2852, 'Stopped', 'Battery'), (4110, 'Stopped', 'Battery')]",0.7248322147651006,2.1788793103448274,0.014623351076139782
1.5793219162230965,"[(3986, 'Stopped', 'Battery'), (2708, 'Stopped', 'Battery'), (4026, 'Stopped', 'Battery'), (4110, 'Stopped', 'Battery'), (4140, 'Stopped', 'Battery'), (4030, 'Stopped', 'Battery'), (2852, 'Stopped', 'Battery')]",0.7248322147651006,2.1788793103448274,0.014623351076139782
1.5793219162230965,"[(3986, 'Stopped', 'Battery'), (2708, 'Stopped', 'Battery'), (4030, 'Stopped', 'Battery'), (2854, 'Stopped', 'Battery'), (4026, 'Stopped', 'Battery')]",0.7248322147651006,2.1788793103448274,0.014623351076139782
1.5793219162230965,"[(3986, 'Stopped', 'Battery'), (4026, 'Stopped', 'Battery'), (4030, 'Stopped', 'Battery'), (2854, 'Stopped', 'Battery'), (2852, 'Stopped', 'Battery')]",0.7248322147651006,2.1788793103448274,0.014623351076139782
1.5793219162230965,"[(3986, 'Stopped', 'Battery'), (4026, 'Stopped', 'Battery'), (4030, 'Stopped', 'Battery'), (2854, 'Stopped', 'Battery'), (4110, 'Stopped', 'Battery')]",0.7248322147651006,2.1788793103448274,0.014623351076139782
1.5793219162230965,"[(3986, 'Stopped', 'Battery'), (2708, 'Stopped', 'Battery'), (4026, 'Stopped', 'Battery'), (4110, 'Stopped', 'Battery'), (4030, 'Stopped', 'Battery'), (2852, 'Stopped', 'Battery')]",0.7248322147651006,2.1788793103448274,0.014623351076139782
1.5793219162230965,"[(3986, 'Stopped', 'Battery'), (4140, 'Stopped', 'Battery'), (4030, 'Stopped', 'Battery'), (2854, 'Stopped', 'Battery'), (4026, 'Stopped', 'Battery')]",0.7248322147651006,2.1788793103448274,0.014623351076139782
1.5793219162230965,"[(3986, 'Stopped', 'Battery'), (4026, 'Stopped', 'Battery'), (4140, 'Stopped', 'Battery'), (4030, 'Stopped', 'Battery'), (2854, 'Stopped', 'Battery'), (4110, 'Stopped', 'Battery')]",0.7248322147651006,2.1788793103448274,0.014623351076139782
1.5793219162230965,"[(3986, 'Stopped', 'Battery'), (4026, 'Stopped', 'Battery'), (4140, 'Stopped', 'Battery'), (4030, 'Stopped', 'Battery'), (4110, 'Stopped', 'Battery')]",0.7248322147651006,2.1788793103448274,0.014623351076139782
1.5793219162230965,"[(3986, 'Stopped', 'Battery'), (2708, 'Stopped', 'Battery'), (4026, 'Stopped', 'Battery'), (4110, 'Stopped', 'Battery'), (4030, 'Stopped', 'Battery'), (2854, 'Stopped', 'Battery'), (2852, 'Stopped', 'Battery')]",0.7248322147651006,2.1788793103448274,0.014623351076139782
1.5793219162230965,"[(3986, 'Stopped', 'Battery'), (2708, 'Stopped', 'Battery'), (4026, 'Stopped', 'Battery'), (4030, 'Stopped', 'Battery'), (2852, 'Stopped', 'Battery')]",0.7248322147651006,2.1788793103448274,0.014623351076139782
1.5793219162230965,"[(3986, 'Stopped', 'Battery'), (2708, 'Stopped', 'Battery'), (4026, 'Stopped', 'Battery'), (4030, 'Stopped', 'Battery'), (4110, 'Stopped', 'Battery')]",0.7248322147651006,2.1788793103448274,0.014623351076139782
1.5793219162230965,"[(3986, 'Stopped', 'Battery'), (4026, 'Stopped', 'Battery'), (4140, 'Stopped', 'Battery'), (4030, 'Stopped', 'Battery'), (2854, 'Stopped', 'Battery'), (2852, 'Stopped', 'Battery')]",0.7248322147651006,2.1788793103448274,0.014623351076139782
1.5759255250054123,"[(3986, 'Stopped', 'Battery'), (2708, 'Stopped', 'Battery'), (4140, 'Stopped', 'Battery'), (4030, 'Stopped', 'Battery'), (4110, 'Stopped', 'Battery')]",0.7248322147651006,2.174193548387097,0.014591903009309374
1.5759255250054123,"[(4030, 'Stopped', 'Battery'), (3986, 'Stopped', 'Battery'), (4140, 'Stopped', 'Battery'), (2852, 'Stopped', 'Battery')]",0.7248322147651006,2.174193548387097,0.014591903009309374
1.5759255250054123,"[(3986, 'Stopped', 'Battery'), (4140, 'Stopped', 'Battery'), (4030, 'Stopped', 'Battery'), (2852, 'Stopped', 'Battery'), (4110, 'Stopped', 'Battery')]",0.7248322147651006,2.174193548387097,0.014591903009309374
1.5759255250054123,"[(3986, 'Stopped', 'Battery'), (2708, 'Stopped', 'Battery'), (4110, 'Stopped', 'Battery'), (4030, 'Stopped', 'Battery'), (2854, 'Stopped', 'Battery'), (2852, 'Stopped', 'Battery')]",0.7248322147651006,2.174193548387097,0.014591903009309374
1.5759255250054123,"[(4030, 'Stopped', 'Battery'), (3986, 'Stopped', 'Battery'), (2852, 'Stopped', 'Battery')]",0.7248322147651006,2.174193548387097,0.014591903009309374
1.5759255250054123,"[(3986, 'Stopped', 'Battery'), (2708, 'Stopped', 'Battery'), (4110, 'Stopped', 'Battery'), (4140, 'Stopped', 'Battery'), (4030, 'Stopped', 'Battery'), (2854, 'Stopped', 'Battery'), (2852, 'Stopped', 'Battery')]",0.7248322147651006,2.174193548387097,0.014591903009309374
1.5759255250054123,"[(4030, 'Stopped', 'Battery'), (2852, 'Stopped', 'Battery'), (3986, 'Stopped', 'Battery'), (4110, 'Stopped', 'Battery')]",0.7248322147651006,2.174193548387097,0.014591903009309374
1.5759255250054123,"[(4030, 'Stopped', 'Battery'), (3986, 'Stopped', 'Battery'), (2854, 'Stopped', 'Battery')]",0.7248322147651006,2.174193548387097,0.014591903009309374
1.5759255250054123,"[(3986, 'Stopped', 'Battery'), (2708, 'Stopped', 'Battery'), (4030, 'Stopped', 'Battery'), (2854, 'Stopped', 'Battery'), (4110, 'Stopped', 'Battery')]",0.7248322147651006,2.174193548387097,0.014591903009309374
1.5759255250054123,"[(4030, 'Stopped', 'Battery'), (3986, 'Stopped', 'Battery'), (2854, 'Stopped', 'Battery'), (4110, 'Stopped', 'Battery')]",0.7248322147651006,2.174193548387097,0.014591903009309374
1.5759255250054123,"[(3986, 'Stopped', 'Battery'), (2708, 'Stopped', 'Battery'), (4140, 'Stopped', 'Battery'), (4030, 'Stopped', 'Battery'), (2852, 'Stopped', 'Battery')]",0.7248322147651006,2.174193548387097,0.014591903009309374
1.5759255250054123,"[(3986, 'Stopped', 'Battery'), (4140, 'Stopped', 'Battery'), (4030, 'Stopped', 'Battery'), (2854, 'Stopped', 'Battery'), (4110, 'Stopped', 'Battery')]",0.7248322147651006,2.174193548387097,0.014591903009309374
1.5759255250054123,"[(3986, 'Stopped', 'Battery'), (2708, 'Stopped', 'Battery'), (4140, 'Stopped', 'Battery'), (4030, 'Stopped', 'Battery'), (2854, 'Stopped', 'Battery')]",0.7248322147651006,2.174193548387097,0.014591903009309374
1.5759255250054123,"[(3986, 'Stopped', 'Battery'), (4030, 'Stopped', 'Battery'), (2852, 'Stopped', 'Battery'), (2854, 'Stopped', 'Battery'), (4110, 'Stopped', 'Battery')]",0.7248322147651006,2.174193548387097,0.014591903009309374
1.5759255250054123,"[(3986, 'Stopped', 'Battery'), (2708, 'Stopped', 'Battery'), (4140, 'Stopped', 'Battery'), (4030, 'Stopped', 'Battery'), (2852, 'Stopped', 'Battery'), (4110, 'Stopped', 'Battery')]",0.7248322147651006,2.174193548387097,0.014591903009309374
1.5759255250054123,"[(3986, 'Stopped', 'Battery'), (2708, 'Stopped', 'Battery'), (4030, 'Stopped', 'Battery'), (2854, 'Stopped', 'Battery'), (2852, 'Stopped', 'Battery')]",0.7248322147651006,2.174193548387097,0.014591903009309374
1.5759255250054123,"[(4030, 'Stopped', 'Battery'), (3986, 'Stopped', 'Battery'), (2854, 'Stopped', 'Battery'), (2852, 'Stopped', 'Battery')]",0.7248322147651006,2.174193548387097,0.014591903009309374
1.5759255250054123,"[(4030, 'Stopped', 'Battery'), (2852, 'Stopped', 'Battery'), (3986, 'Stopped', 'Battery'), (2708, 'Stopped', 'Battery')]",0.7248322147651006,2.174193548387097,0.014591903009309374
1.5759255250054123,"[(3986, 'Stopped', 'Battery'), (4140, 'Stopped', 'Battery'), (4030, 'Stopped', 'Battery'), (2854, 'Stopped', 'Battery'), (2852, 'Stopped', 'Battery')]",0.7248322147651006,2.174193548387097,0.014591903009309374
1.5759255250054123,"[(4030, 'Stopped', 'Battery'), (3986, 'Stopped', 'Battery'), (2854, 'Stopped', 'Battery'), (2708, 'Stopped', 'Battery')]",0.7248322147651006,2.174193548387097,0.014591903009309374
1.5759255250054123,"[(4110, 'Stopped', 'Battery'), (4030, 'Stopped', 'Battery'), (3986, 'Stopped', 'Battery'), (2708, 'Stopped', 'Battery')]",0.7248322147651006,2.174193548387097,0.014591903009309374
1.5759255250054123,"[(3986, 'Stopped', 'Battery'), (4140, 'Stopped', 'Battery'), (4030, 'Stopped', 'Battery'), (2852, 'Stopped', 'Battery'), (2854, 'Stopped', 'Battery'), (4110, 'Stopped', 'Battery')]",0.7248322147651006,2.174193548387097,0.014591903009309374
1.5759255250054123,"[(3986, 'Stopped', 'Battery'), (2708, 'Stopped', 'Battery'), (4030, 'Stopped', 'Battery'), (2852, 'Stopped', 'Battery'), (4110, 'Stopped', 'Battery')]",0.7248322147651006,2.174193548387097,0.014591903009309374
1.5759255250054123,"[(4030, 'Stopped', 'Battery'), (3986, 'Stopped', 'Battery'), (4140, 'Stopped', 'Battery'), (4110, 'Stopped', 'Battery')]",0.7248322147651006,2.174193548387097,0.014591903009309374
1.5759255250054123,"[(4030, 'Stopped', 'Battery'), (3986, 'Stopped', 'Battery'), (2854, 'Stopped', 'Battery'), (4140, 'Stopped', 'Battery')]",0.7248322147651006,2.174193548387097,0.014591903009309374
1.5759255250054123,"[(4030, 'Stopped', 'Battery'), (3986, 'Stopped', 'Battery'), (4110, 'Stopped', 'Battery')]",0.7248322147651006,2.174193548387097,0.014591903009309374
1.5759255250054123,"[(3986, 'Stopped', 'Battery'), (2708, 'Stopped', 'Battery'), (4140, 'Stopped', 'Battery'), (4030, 'Stopped', 'Battery'), (2854, 'Stopped', 'Battery'), (2852, 'Stopped', 'Battery')]",0.7248322147651006,2.174193548387097,0.014591903009309374
1.5759255250054123,"[(3986, 'Stopped', 'Battery'), (2708, 'Stopped', 'Battery'), (4140, 'Stopped', 'Battery'), (4030, 'Stopped', 'Battery'), (2854, 'Stopped', 'Battery'), (4110, 'Stopped', 'Battery')]",0.7248322147651006,2.174193548387097,0.014591903009309374
1.566819509196168,"[(3986, 'Stopped', 'Battery'), (2708, 'Stopped', 'Battery')]",0.8120805369127517,1.9293893129770994,0.012948921563604695
1.5658234383066598,"[(3986, 'Stopped', 'Battery'), (4140, 'Stopped', 'Battery'), (2708, 'Stopped', 'Battery')]",0.8053691275167785,1.9442307692307694,0.0130485286525555
1.5582727526487616,"[(3986, 'Stopped', 'Battery')]",0.8523489932885906,1.8282097649186257,0.012269864194084736
1.5562465365433162,"[(3986, 'Stopped', 'Battery'), (4140, 'Stopped', 'Battery')]",0.8389261744966443,1.855045871559633,0.01244997229234653
1.5152797304825318,"[(3986, 'Stopped', 'Battery'), (4140, 'Stopped', 'Battery'), (2708, 'Stopped', 'Battery'), (4026, 'Stopped', 'Battery')]",0.7583892617449665,1.9980237154150198,0.013409555137013555
1.5122910130654066,"[(3986, 'Stopped', 'Battery'), (2708, 'Stopped', 'Battery'), (4026, 'Stopped', 'Battery')]",0.7583892617449665,1.9940828402366864,0.013383106310313331
1.510827651540422,"[(3986, 'Stopped', 'Battery'), (2708, 'Stopped', 'Battery'), (4026, 'Stopped', 'Battery'), (4140, 'Stopped', 'Battery'), (2852, 'Stopped', 'Battery'), (4110, 'Stopped', 'Battery')]",0.7516778523489933,2.0099403578528827,0.013489532603039481
1.510827651540422,"[(3986, 'Stopped', 'Battery'), (2708, 'Stopped', 'Battery'), (4026, 'Stopped', 'Battery'), (4140, 'Stopped', 'Battery'), (2852, 'Stopped', 'Battery')]",0.7516778523489933,2.0099403578528827,0.013489532603039481
1.510827651540422,"[(3986, 'Stopped', 'Battery'), (2708, 'Stopped', 'Battery'), (4026, 'Stopped', 'Battery'), (4140, 'Stopped', 'Battery'), (2854, 'Stopped', 'Battery'), (2852, 'Stopped', 'Battery')]",0.7516778523489933,2.0099403578528827,0.013489532603039481
1.510827651540422,"[(3986, 'Stopped', 'Battery'), (2708, 'Stopped', 'Battery'), (4026, 'Stopped', 'Battery'), (4140, 'Stopped', 'Battery'), (2854, 'Stopped', 'Battery'), (4110, 'Stopped', 'Battery')]",0.7516778523489933,2.0099403578528827,0.013489532603039481
1.510827651540422,"[(3986, 'Stopped', 'Battery'), (2708, 'Stopped', 'Battery'), (4026, 'Stopped', 'Battery'), (4140, 'Stopped', 'Battery'), (2852, 'Stopped', 'Battery'), (2854, 'Stopped', 'Battery'), (4110, 'Stopped', 'Battery')]",0.7516778523489933,2.0099403578528827,0.013489532603039481
1.510827651540422,"[(3986, 'Stopped', 'Battery'), (2708, 'Stopped', 'Battery'), (4140, 'Stopped', 'Battery'), (2854, 'Stopped', 'Battery'), (4026, 'Stopped', 'Battery')]",0.7516778523489933,2.0099403578528827,0.013489532603039481
1.5078299776286355,"[(2852, 'Stopped', 'Battery'), (3986, 'Stopped', 'Battery'), (2708, 'Stopped', 'Battery'), (4026, 'Stopped', 'Battery')]",0.7516778523489933,2.005952380952381,0.01346276765739853
1.5078299776286355,"[(3986, 'Stopped', 'Battery'), (2708, 'Stopped', 'Battery'), (4026, 'Stopped', 'Battery'), (2854, 'Stopped', 'Battery'), (4110, 'Stopped', 'Battery')]",0.7516778523489933,2.005952380952381,0.01346276765739853
1.5078299776286355,"[(3986, 'Stopped', 'Battery'), (2708, 'Stopped', 'Battery'), (4140, 'Stopped', 'Battery'), (2852, 'Stopped', 'Battery'), (2854, 'Stopped', 'Battery'), (4110, 'Stopped', 'Battery')]",0.7516778523489933,2.005952380952381,0.01346276765739853
1.5078299776286355,"[(3986, 'Stopped', 'Battery'), (2708, 'Stopped', 'Battery'), (4026, 'Stopped', 'Battery'), (2852, 'Stopped', 'Battery'), (4110, 'Stopped', 'Battery')]",0.7516778523489933,2.005952380952381,0.01346276765739853
1.5078299776286355,"[(3986, 'Stopped', 'Battery'), (2708, 'Stopped', 'Battery'), (4026, 'Stopped', 'Battery'), (2854, 'Stopped', 'Battery'), (2852, 'Stopped', 'Battery')]",0.7516778523489933,2.005952380952381,0.01346276765739853
1.5078299776286355,"[(3986, 'Stopped', 'Battery'), (2708, 'Stopped', 'Battery'), (4140, 'Stopped', 'Battery'), (2852, 'Stopped', 'Battery'), (4110, 'Stopped', 'Battery')]",0.7516778523489933,2.005952380952381,0.01346276765739853
1.5078299776286355,"[(3986, 'Stopped', 'Battery'), (2708, 'Stopped', 'Battery'), (4140, 'Stopped', 'Battery'), (2854, 'Stopped', 'Battery'), (2852, 'Stopped', 'Battery')]",0.7516778523489933,2.005952380952381,0.01346276765739853
1.5078299776286355,"[(3986, 'Stopped', 'Battery'), (2708, 'Stopped', 'Battery'), (4140, 'Stopped', 'Battery'), (2854, 'Stopped', 'Battery'), (4110, 'Stopped', 'Battery')]",0.7516778523489933,2.005952380952381,0.01346276765739853
1.5078299776286355,"[(3986, 'Stopped', 'Battery'), (2854, 'Stopped', 'Battery'), (2708, 'Stopped', 'Battery'), (4026, 'Stopped', 'Battery')]",0.7516778523489933,2.005952380952381,0.01346276765739853
1.5078299776286355,"[(3986, 'Stopped', 'Battery'), (2854, 'Stopped', 'Battery'), (4140, 'Stopped', 'Battery'), (2708, 'Stopped', 'Battery')]",0.7516778523489933,2.005952380952381,0.01346276765739853
1.5078299776286355,"[(2852, 'Stopped', 'Battery'), (3986, 'Stopped', 'Battery'), (4140, 'Stopped', 'Battery'), (2708, 'Stopped', 'Battery')]",0.7516778523489933,2.005952380952381,0.01346276765739853
1.5078299776286355,"[(3986, 'Stopped', 'Battery'), (2708, 'Stopped', 'Battery'), (4026, 'Stopped', 'Battery'), (4140, 'Stopped', 'Battery'), (4110, 'Stopped', 'Battery')]",0.7516778523489933,2.005952380952381,0.01346276765739853
1.5078299776286355,"[(3986, 'Stopped', 'Battery'), (2708, 'Stopped', 'Battery'), (4026, 'Stopped', 'Battery'), (2852, 'Stopped', 'Battery'), (2854, 'Stopped', 'Battery'), (4110, 'Stopped', 'Battery')]",0.7516778523489933,2.005952380952381,0.01346276765739853
1.504844175692737,"[(2852, 'Stopped', 'Battery'), (3986, 'Stopped', 'Battery'), (2708, 'Stopped', 'Battery')]",0.7516778523489933,2.001980198019802,0.013436108711542294
1.504844175692737,"[(4110, 'Stopped', 'Battery'), (2852, 'Stopped', 'Battery'), (3986, 'Stopped', 'Battery'), (2708, 'Stopped', 'Battery')]",0.7516778523489933,2.001980198019802,0.013436108711542294
1.504844175692737,"[(4110, 'Stopped', 'Battery'), (3986, 'Stopped', 'Battery'), (2854, 'Stopped', 'Battery'), (2708, 'Stopped', 'Battery')]",0.7516778523489933,2.001980198019802,0.013436108711542294
1.504844175692737,"[(3986, 'Stopped', 'Battery'), (2708, 'Stopped', 'Battery'), (2852, 'Stopped', 'Battery'), (2854, 'Stopped', 'Battery'), (4110, 'Stopped', 'Battery')]",0.7516778523489933,2.001980198019802,0.013436108711542294
1.504844175692737,"[(4110, 'Stopped', 'Battery'), (3986, 'Stopped', 'Battery'), (2708, 'Stopped', 'Battery'), (4026, 'Stopped', 'Battery')]",0.7516778523489933,2.001980198019802,0.013436108711542294
1.504844175692737,"[(3986, 'Stopped', 'Battery'), (2854, 'Stopped', 'Battery'), (2708, 'Stopped', 'Battery')]",0.7516778523489933,2.001980198019802,0.013436108711542294
1.504844175692737,"[(4110, 'Stopped', 'Battery'), (3986, 'Stopped', 'Battery'), (4140, 'Stopped', 'Battery'), (2708, 'Stopped', 'Battery')]",0.7516778523489933,2.001980198019802,0.013436108711542294
1.504844175692737,"[(2852, 'Stopped', 'Battery'), (3986, 'Stopped', 'Battery'), (2854, 'Stopped', 'Battery'), (2708, 'Stopped', 'Battery')]",0.7516778523489933,2.001980198019802,0.013436108711542294
1.5030583637753803,"[(4002, 'Stopped', 'Battery')]",0.7046979865771812,2.1329113924050636,0.014314841559765526
1.5019743272300776,"[(3986, 'Stopped', 'Battery'), (4140, 'Stopped', 'Battery'), (4026, 'Stopped', 'Battery')]",0.7651006711409396,1.963106796116505,0.013175213396755066
1.5018701753455184,"[(4110, 'Stopped', 'Battery'), (3986, 'Stopped', 'Battery'), (2708, 'Stopped', 'Battery')]",0.7516778523489933,1.9980237154150198,0.013409555137013555
1.5004531186382801,"[(3986, 'Stopped', 'Battery'), (4026, 'Stopped', 'Battery'), (4140, 'Stopped', 'Battery'), (2854, 'Stopped', 'Battery'), (2852, 'Stopped', 'Battery')]",0.7583892617449665,1.9784735812133074,0.013278346182639646
1.5004531186382801,"[(3986, 'Stopped', 'Battery'), (2854, 'Stopped', 'Battery'), (4140, 'Stopped', 'Battery'), (4026, 'Stopped', 'Battery')]",0.7583892617449665,1.9784735812133074,0.013278346182639646
1.5004531186382801,"[(3986, 'Stopped', 'Battery'), (4026, 'Stopped', 'Battery'), (4140, 'Stopped', 'Battery'), (2854, 'Stopped', 'Battery'), (4110, 'Stopped', 'Battery')]",0.7583892617449665,1.9784735812133074,0.013278346182639646
1.5004531186382801,"[(3986, 'Stopped', 'Battery'), (4026, 'Stopped', 'Battery'), (4140, 'Stopped', 'Battery'), (2852, 'Stopped', 'Battery'), (2854, 'Stopped', 'Battery'), (4110, 'Stopped', 'Battery')]",0.7583892617449665,1.9784735812133074,0.013278346182639646
1.4990635242703294,"[(3986, 'Stopped', 'Battery'), (4026, 'Stopped', 'Battery')]",0.7651006711409396,1.9593023255813955,0.01314968003745903
1.4975225461409396,"[(3986, 'Stopped', 'Battery'), (2854, 'Stopped', 'Battery'), (2852, 'Stopped', 'Battery'), (4026, 'Stopped', 'Battery')]",0.7583892617449665,1.974609375,0.013252411912751678
1.4975225461409396,"[(3986, 'Stopped', 'Battery'), (2854, 'Stopped', 'Battery'), (4140, 'Stopped', 'Battery')]",0.7583892617449665,1.974609375,0.013252411912751678
1.4975225461409396,"[(3986, 'Stopped', 'Battery'), (4026, 'Stopped', 'Battery'), (2852, 'Stopped', 'Battery'), (2854, 'Stopped', 'Battery'), (4110, 'Stopped', 'Battery')]",0.7583892617449665,1.974609375,0.013252411912751678
1.4975225461409396,"[(3986, 'Stopped', 'Battery'), (4140, 'Stopped', 'Battery'), (2852, 'Stopped', 'Battery'), (2854, 'Stopped', 'Battery'), (4110, 'Stopped', 'Battery')]",0.7583892617449665,1.974609375,0.013252411912751678
1.4975225461409396,"[(3986, 'Stopped', 'Battery'), (2854, 'Stopped', 'Battery'), (4140, 'Stopped', 'Battery'), (4110, 'Stopped', 'Battery')]",0.7583892617449665,1.974609375,0.013252411912751678
1.4975225461409396,"[(3986, 'Stopped', 'Battery'), (4026, 'Stopped', 'Battery'), (4140, 'Stopped', 'Battery'), (2852, 'Stopped', 'Battery'), (4110, 'Stopped', 'Battery')]",0.7583892617449665,1.974609375,0.013252411912751678
1.4975225461409396,"[(3986, 'Stopped', 'Battery'), (4140, 'Stopped', 'Battery'), (2852, 'Stopped', 'Battery'), (4026, 'Stopped', 'Battery')]",0.7583892617449665,1.974609375,0.013252411912751678
1.4975225461409396,"[(3986, 'Stopped', 'Battery'), (2854, 'Stopped', 'Battery'), (4140, 'Stopped', 'Battery'), (2852, 'Stopped', 'Battery')]",0.7583892617449665,1.974609375,0.013252411912751678
1.4975225461409396,"[(3986, 'Stopped', 'Battery'), (2854, 'Stopped', 'Battery'), (4110, 'Stopped', 'Battery'), (4026, 'Stopped', 'Battery')]",0.7583892617449665,1.974609375,0.013252411912751678
1.4975225461409396,"[(3986, 'Stopped', 'Battery'), (2854, 'Stopped', 'Battery'), (4026, 'Stopped', 'Battery')]",0.7583892617449665,1.974609375,0.013252411912751678
1.4946033988775071,"[(3986, 'Stopped', 'Battery'), (4140, 'Stopped', 'Battery'), (2852, 'Stopped', 'Battery')]",0.7583892617449665,1.9707602339181287,0.013226578751128381
1.4946033988775071,"[(3986, 'Stopped', 'Battery'), (2854, 'Stopped', 'Battery')]",0.7583892617449665,1.9707602339181287,0.013226578751128381
1.4946033988775071,"[(3986, 'Stopped', 'Battery'), (2854, 'Stopped', 'Battery'), (4110, 'Stopped', 'Battery')]",0.7583892617449665,1.9707602339181287,0.013226578751128381
1.4946033988775071,"[(2852, 'Stopped', 'Battery'), (3986, 'Stopped', 'Battery'), (2854, 'Stopped', 'Battery'), (4110, 'Stopped', 'Battery')]",0.7583892617449665,1.9707602339181287,0.013226578751128381
1.4946033988775071,"[(3986, 'Stopped', 'Battery'), (2854, 'Stopped', 'Battery'), (2852, 'Stopped', 'Battery')]",0.7583892617449665,1.9707602339181287,0.013226578751128381
1.4946033988775071,"[(3986, 'Stopped', 'Battery'), (2852, 'Stopped', 'Battery'), (4026, 'Stopped', 'Battery')]",0.7583892617449665,1.9707602339181287,0.013226578751128381
1.4946033988775071,"[(2852, 'Stopped', 'Battery'), (3986, 'Stopped', 'Battery'), (4140, 'Stopped', 'Battery'), (4110, 'Stopped', 'Battery')]",0.7583892617449665,1.9707602339181287,0.013226578751128381
1.4946033988775071,"[(4110, 'Stopped', 'Battery'), (3986, 'Stopped', 'Battery'), (2852, 'Stopped', 'Battery'), (4026, 'Stopped', 'Battery')]",0.7583892617449665,1.9707602339181287,0.013226578751128381
1.4946033988775071,"[(3986, 'Stopped', 'Battery'), (4140, 'Stopped', 'Battery'), (4110, 'Stopped', 'Battery'), (4026, 'Stopped', 'Battery')]",0.7583892617449665,1.9707602339181287,0.013226578751128381
1.4916956101637375,"[(2852, 'Stopped', 'Battery'), (3986, 'Stopped', 'Battery'), (4110, 'Stopped', 'Battery')]",0.7583892617449665,1.9669260700389106,0.013200846107643695
1.4916956101637375,"[(3986, 'Stopped', 'Battery'), (4110, 'Stopped', 'Battery'), (4026, 'Stopped', 'Battery')]",0.7583892617449665,1.9669260700389106,0.013200846107643695
1.4916956101637375,"[(3986, 'Stopped', 'Battery'), (2852, 'Stopped', 'Battery')]",0.7583892617449665,1.9669260700389106,0.013200846107643695
1.4887991138333225,"[(3986, 'Stopped', 'Battery'), (4140, 'Stopped', 'Battery'), (4110, 'Stopped', 'Battery')]",0.7583892617449665,1.963106796116505,0.013175213396755066
1.4859138442328703,"[(3986, 'Stopped', 'Battery'), (4110, 'Stopped', 'Battery')]",0.7583892617449665,1.9593023255813955,0.01314968003745903
1.4663572473991642,"[(3986, 'Stopped', 'Battery'), (4168, 'Stopped', 'Battery')]",0.738255033557047,1.9862475442043221,0.013330520430901492
1.4663572473991642,"[(3986, 'Stopped', 'Battery'), (4140, 'Stopped', 'Battery'), (4168, 'Stopped', 'Battery')]",0.738255033557047,1.9862475442043221,0.013330520430901492
1.4597716516484396,"[(3986, 'Stopped', 'Battery'), (2708, 'Stopped', 'Battery'), (4168, 'Stopped', 'Battery')]",0.7248322147651006,2.0139442231075697,0.013516404181929998
1.4597716516484396,"[(3986, 'Stopped', 'Battery'), (4140, 'Stopped', 'Battery'), (2708, 'Stopped', 'Battery'), (4168, 'Stopped', 'Battery')]",0.7248322147651006,2.0139442231075697,0.013516404181929998
1.4471527149474024,"[(4026, 'Stopped', 'Battery'), (3986, 'Stopped', 'Battery'), (2708, 'Stopped', 'Battery'), (4168, 'Stopped', 'Battery')]",0.7114093959731543,2.03420523138833,0.013652384103277381
1.4471527149474024,"[(3986, 'Stopped', 'Battery'), (2708, 'Stopped', 'Battery'), (4140, 'Stopped', 'Battery'), (4168, 'Stopped', 'Battery'), (4026, 'Stopped', 'Battery')]",0.7114093959731543,2.03420523138833,0.013652384103277381
1.4433799885252243,"[(3986, 'Stopped', 'Battery'), (4026, 'Stopped', 'Battery'), (4168, 'Stopped', 'Battery')]",0.7181208053691275,2.0099403578528827,0.013489532603039481
1.4433799885252243,"[(3986, 'Stopped', 'Battery'), (4140, 'Stopped', 'Battery'), (4026, 'Stopped', 'Battery'), (4168, 'Stopped', 'Battery')]",0.7181208053691275,2.0099403578528827,0.013489532603039481
1.4422057984403445,"[(3986, 'Stopped', 'Battery'), (2708, 'Stopped', 'Battery'), (4026, 'Stopped', 'Battery'), (4168, 'Stopped', 'Battery'), (2852, 'Stopped', 'Battery'), (2854, 'Stopped', 'Battery'), (4110, 'Stopped', 'Battery')]",0.7046979865771812,2.0465587044534415,0.013735293318479473
1.4422057984403445,"[(3986, 'Stopped', 'Battery'), (2708, 'Stopped', 'Battery'), (4026, 'Stopped', 'Battery'), (4140, 'Stopped', 'Battery'), (4168, 'Stopped', 'Battery'), (2852, 'Stopped', 'Battery')]",0.7046979865771812,2.0465587044534415,0.013735293318479473
1.4422057984403445,"[(3986, 'Stopped', 'Battery'), (2708, 'Stopped', 'Battery'), (4026, 'Stopped', 'Battery'), (4140, 'Stopped', 'Battery'), (4168, 'Stopped', 'Battery'), (2854, 'Stopped', 'Battery'), (2852, 'Stopped', 'Battery')]",0.7046979865771812,2.0465587044534415,0.013735293318479473
1.4422057984403445,"[(3986, 'Stopped', 'Battery'), (2708, 'Stopped', 'Battery'), (4026, 'Stopped', 'Battery'), (4168, 'Stopped', 'Battery'), (2854, 'Stopped', 'Battery'), (4110, 'Stopped', 'Battery')]",0.7046979865771812,2.0465587044534415,0.013735293318479473
1.4422057984403445,"[(3986, 'Stopped', 'Battery'), (2708, 'Stopped', 'Battery'), (4140, 'Stopped', 'Battery'), (4168, 'Stopped', 'Battery'), (2854, 'Stopped', 'Battery'), (4026, 'Stopped', 'Battery')]",0.7046979865771812,2.0465587044534415,0.013735293318479473
1.4422057984403445,"[(3986, 'Stopped', 'Battery'), (2708, 'Stopped', 'Battery'), (4026, 'Stopped', 'Battery'), (4168, 'Stopped', 'Battery'), (2854, 'Stopped', 'Battery'), (2852, 'Stopped', 'Battery')]",0.7046979865771812,2.0465587044534415,0.013735293318479473
1.4422057984403445,"[(3986, 'Stopped', 'Battery'), (2708, 'Stopped', 'Battery'), (4026, 'Stopped', 'Battery'), (4168, 'Stopped', 'Battery'), (2852, 'Stopped', 'Battery')]",0.7046979865771812,2.0465587044534415,0.013735293318479473
1.4422057984403445,"[(3986, 'Stopped', 'Battery'), (2708, 'Stopped', 'Battery'), (4026, 'Stopped', 'Battery'), (4140, 'Stopped', 'Battery'), (4168, 'Stopped', 'Battery'), (2852, 'Stopped', 'Battery'), (4110, 'Stopped', 'Battery')]",0.7046979865771812,2.0465587044534415,0.013735293318479473
1.4422057984403445,"[(3986, 'Stopped', 'Battery'), (2708, 'Stopped', 'Battery'), (4168, 'Stopped', 'Battery'), (2854, 'Stopped', 'Battery'), (4026, 'Stopped', 'Battery')]",0.7046979865771812,2.0465587044534415,0.013735293318479473
1.4422057984403445,"[(3986, 'Stopped', 'Battery'), (2708, 'Stopped', 'Battery'), (4026, 'Stopped', 'Battery'), (4140, 'Stopped', 'Battery'), (4168, 'Stopped', 'Battery'), (2852, 'Stopped', 'Battery'), (2854, 'Stopped', 'Battery'), (4110, 'Stopped', 'Battery')]",0.7046979865771812,2.0465587044534415,0.013735293318479473
1.4422057984403445,"[(3986, 'Stopped', 'Battery'), (2708, 'Stopped', 'Battery'), (4026, 'Stopped', 'Battery'), (4140, 'Stopped', 'Battery'), (4168, 'Stopped', 'Battery'), (2854, 'Stopped', 'Battery'), (4110, 'Stopped', 'Battery')]",0.7046979865771812,2.0465587044534415,0.013735293318479473
1.4422057984403445,"[(3986, 'Stopped', 'Battery'), (2708, 'Stopped', 'Battery'), (4026, 'Stopped', 'Battery'), (4168, 'Stopped', 'Battery'), (2852, 'Stopped', 'Battery'), (4110, 'Stopped', 'Battery')]",0.7046979865771812,2.0465587044534415,0.013735293318479473
1.4392922513727884,"[(3986, 'Stopped', 'Battery'), (2708, 'Stopped', 'Battery'), (4026, 'Stopped', 'Battery'), (4140, 'Stopped', 'Battery'), (4168, 'Stopped', 'Battery'), (4110, 'Stopped', 'Battery')]",0.7046979865771812,2.0424242424242425,0.013707545251169413
1.4392922513727884,"[(3986, 'Stopped', 'Battery'), (2708, 'Stopped', 'Battery'), (4140, 'Stopped', 'Battery'), (4168, 'Stopped', 'Battery'), (2854, 'Stopped', 'Battery')]",0.7046979865771812,2.0424242424242425,0.013707545251169413
1.4392922513727884,"[(3986, 'Stopped', 'Battery'), (2708, 'Stopped', 'Battery'), (4140, 'Stopped', 'Battery'), (4168, 'Stopped', 'Battery'), (2854, 'Stopped', 'Battery'), (2852, 'Stopped', 'Battery')]",0.7046979865771812,2.0424242424242425,0.013707545251169413
1.4392922513727884,"[(3986, 'Stopped', 'Battery'), (2708, 'Stopped', 'Battery'), (4140, 'Stopped', 'Battery'), (4168, 'Stopped', 'Battery'), (2854, 'Stopped', 'Battery'), (4110, 'Stopped', 'Battery')]",0.7046979865771812,2.0424242424242425,0.013707545251169413
1.4392922513727884,"[(3986, 'Stopped', 'Battery'), (2708, 'Stopped', 'Battery'), (4140, 'Stopped', 'Battery'), (4168, 'Stopped', 'Battery'), (2852, 'Stopped', 'Battery'), (2854, 'Stopped', 'Battery'), (4110, 'Stopped', 'Battery')]",0.7046979865771812,2.0424242424242425,0.013707545251169413
1.4392922513727884,"[(3986, 'Stopped', 'Battery'), (2708, 'Stopped', 'Battery'), (4026, 'Stopped', 'Battery'), (4168, 'Stopped', 'Battery'), (4110, 'Stopped', 'Battery')]",0.7046979865771812,2.0424242424242425,0.013707545251169413
1.4392922513727884,"[(3986, 'Stopped', 'Battery'), (2708, 'Stopped', 'Battery'), (4140, 'Stopped', 'Battery'), (4168, 'Stopped', 'Battery'), (2852, 'Stopped', 'Battery'), (4110, 'Stopped', 'Battery')]",0.7046979865771812,2.0424242424242425,0.013707545251169413
1.4392922513727884,"[(3986, 'Stopped', 'Battery'), (2708, 'Stopped', 'Battery'), (4168, 'Stopped', 'Battery'), (2854, 'Stopped', 'Battery'), (4110, 'Stopped', 'Battery')]",0.7046979865771812,2.0424242424242425,0.013707545251169413
1.4392922513727884,"[(3986, 'Stopped', 'Battery'), (2708, 'Stopped', 'Battery'), (4168, 'Stopped', 'Battery'), (2852, 'Stopped', 'Battery'), (4110, 'Stopped', 'Battery')]",0.7046979865771812,2.0424242424242425,0.013707545251169413
1.4392922513727884,"[(3986, 'Stopped', 'Battery'), (2854, 'Stopped', 'Battery'), (2708, 'Stopped', 'Battery'), (4168, 'Stopped', 'Battery')]",0.7046979865771812,2.0424242424242425,0.013707545251169413
1.4392922513727884,"[(3986, 'Stopped', 'Battery'), (2708, 'Stopped', 'Battery'), (4168, 'Stopped', 'Battery'), (2854, 'Stopped', 'Battery'), (2852, 'Stopped', 'Battery')]",0.7046979865771812,2.0424242424242425,0.013707545251169413
1.4392922513727884,"[(3986, 'Stopped', 'Battery'), (2708, 'Stopped', 'Battery'), (4168, 'Stopped', 'Battery'), (2852, 'Stopped', 'Battery'), (2854, 'Stopped', 'Battery'), (4110, 'Stopped', 'Battery')]",0.7046979865771812,2.0424242424242425,0.013707545251169413
1.4392922513727884,"[(2852, 'Stopped', 'Battery'), (3986, 'Stopped', 'Battery'), (2708, 'Stopped', 'Battery'), (4168, 'Stopped', 'Battery')]",0.7046979865771812,2.0424242424242425,0.013707545251169413
1.4392922513727884,"[(3986, 'Stopped', 'Battery'), (2708, 'Stopped', 'Battery'), (4140, 'Stopped', 'Battery'), (4168, 'Stopped', 'Battery'), (2852, 'Stopped', 'Battery')]",0.7046979865771812,2.0424242424242425,0.013707545251169413
1.438469798657718,"[(3986, 'Stopped', 'Battery'), (4026, 'Stopped', 'Battery'), (4140, 'Stopped', 'Battery'), (4168, 'Stopped', 'Battery'), (2852, 'Stopped', 'Battery'), (4110, 'Stopped', 'Battery')]",0.7114093959731543,2.022,0.013570469798657718
1.438469798657718,"[(3986, 'Stopped', 'Battery'), (4026, 'Stopped', 'Battery'), (4140, 'Stopped', 'Battery'), (4168, 'Stopped', 'Battery'), (2854, 'Stopped', 'Battery'), (2852, 'Stopped', 'Battery')]",0.7114093959731543,2.022,0.013570469798657718
1.438469798657718,"[(3986, 'Stopped', 'Battery'), (4026, 'Stopped', 'Battery'), (4168, 'Stopped', 'Battery'), (2852, 'Stopped', 'Battery'), (4110, 'Stopped', 'Battery')]",0.7114093959731543,2.022,0.013570469798657718
1.438469798657718,"[(4026, 'Stopped', 'Battery'), (3986, 'Stopped', 'Battery'), (2852, 'Stopped', 'Battery'), (4168, 'Stopped', 'Battery')]",0.7114093959731543,2.022,0.013570469798657718
1.438469798657718,"[(3986, 'Stopped', 'Battery'), (4026, 'Stopped', 'Battery'), (4140, 'Stopped', 'Battery'), (4168, 'Stopped', 'Battery'), (2852, 'Stopped', 'Battery')]",0.7114093959731543,2.022,0.013570469798657718
1.438469798657718,"[(3986, 'Stopped', 'Battery'), (4026, 'Stopped', 'Battery'), (4168, 'Stopped', 'Battery'), (2852, 'Stopped', 'Battery'), (2854, 'Stopped', 'Battery'), (4110, 'Stopped', 'Battery')]",0.7114093959731543,2.022,0.013570469798657718
1.438469798657718,"[(3986, 'Stopped', 'Battery'), (2854, 'Stopped', 'Battery'), (4026, 'Stopped', 'Battery'), (4168, 'Stopped', 'Battery')]",0.7114093959731543,2.022,0.013570469798657718
1.438469798657718,"[(3986, 'Stopped', 'Battery'), (4026, 'Stopped', 'Battery'), (4140, 'Stopped', 'Battery'), (4168, 'Stopped', 'Battery'), (2852, 'Stopped', 'Battery'), (2854, 'Stopped', 'Battery'), (4110, 'Stopped', 'Battery')]",0.7114093959731543,2.022,0.013570469798657718
1.438469798657718,"[(3986, 'Stopped', 'Battery'), (4026, 'Stopped', 'Battery'), (4168, 'Stopped', 'Battery'), (2854, 'Stopped', 'Battery'), (2852, 'Stopped', 'Battery')]",0.7114093959731543,2.022,0.013570469798657718
1.438469798657718,"[(3986, 'Stopped', 'Battery'), (4026, 'Stopped', 'Battery'), (4168, 'Stopped', 'Battery'), (2854, 'Stopped', 'Battery'), (4110, 'Stopped', 'Battery')]",0.7114093959731543,2.022,0.013570469798657718
1.438469798657718,"[(3986, 'Stopped', 'Battery'), (4140, 'Stopped', 'Battery'), (4168, 'Stopped', 'Battery'), (2854, 'Stopped', 'Battery'), (4026, 'Stopped', 'Battery')]",0.7114093959731543,2.022,0.013570469798657718
1.438469798657718,"[(3986, 'Stopped', 'Battery'), (4026, 'Stopped', 'Battery'), (4140, 'Stopped', 'Battery'), (4168, 'Stopped', 'Battery'), (2854, 'Stopped', 'Battery'), (4110, 'Stopped', 'Battery')]",0.7114093959731543,2.022,0.013570469798657718
1.4363904524788915,"[(4110, 'Stopped', 'Battery'), (3986, 'Stopped', 'Battery'), (2708, 'Stopped', 'Battery'), (4168, 'Stopped', 'Battery')]",0.7046979865771812,2.038306451612903,0.013679909071227537
1.4363904524788915,"[(3986, 'Stopped', 'Battery'), (2708, 'Stopped', 'Battery'), (4140, 'Stopped', 'Battery'), (4168, 'Stopped', 'Battery'), (4110, 'Stopped', 'Battery')]",0.7046979865771812,2.038306451612903,0.013679909071227537
1.4355986014548083,"[(3986, 'Stopped', 'Battery'), (4168, 'Stopped', 'Battery'), (2852, 'Stopped', 'Battery'), (2854, 'Stopped', 'Battery'), (4110, 'Stopped', 'Battery')]",0.7114093959731543,2.0179640718562872,0.013543383032592532
1.4355986014548083,"[(3986, 'Stopped', 'Battery'), (2854, 'Stopped', 'Battery'), (2852, 'Stopped', 'Battery'), (4168, 'Stopped', 'Battery')]",0.7114093959731543,2.0179640718562872,0.013543383032592532
1.4355986014548083,"[(3986, 'Stopped', 'Battery'), (4140, 'Stopped', 'Battery'), (4168, 'Stopped', 'Battery'), (2852, 'Stopped', 'Battery'), (2854, 'Stopped', 'Battery'), (4110, 'Stopped', 'Battery')]",0.7114093959731543,2.0179640718562872,0.013543383032592532
1.4355986014548083,"[(3986, 'Stopped', 'Battery'), (4140, 'Stopped', 'Battery'), (2852, 'Stopped', 'Battery'), (4168, 'Stopped', 'Battery')]",0.7114093959731543,2.0179640718562872,0.013543383032592532
1.4355986014548083,"[(3986, 'Stopped', 'Battery'), (2854, 'Stopped', 'Battery'), (4110, 'Stopped', 'Battery'), (4168, 'Stopped', 'Battery')]",0.7114093959731543,2.0179640718562872,0.013543383032592532
1.4355986014548083,"[(3986, 'Stopped', 'Battery'), (2854, 'Stopped', 'Battery'), (4168, 'Stopped', 'Battery')]",0.7114093959731543,2.0179640718562872,0.013543383032592532
1.4355986014548083,"[(3986, 'Stopped', 'Battery'), (4026, 'Stopped', 'Battery'), (4140, 'Stopped', 'Battery'), (4168, 'Stopped', 'Battery'), (4110, 'Stopped', 'Battery')]",0.7114093959731543,2.0179640718562872,0.013543383032592532
1.4355986014548083,"[(2852, 'Stopped', 'Battery'), (3986, 'Stopped', 'Battery'), (4110, 'Stopped', 'Battery'), (4168, 'Stopped', 'Battery')]",0.7114093959731543,2.0179640718562872,0.013543383032592532
1.4355986014548083,"[(3986, 'Stopped', 'Battery'), (4140, 'Stopped', 'Battery'), (4168, 'Stopped', 'Battery'), (2854, 'Stopped', 'Battery'), (4110, 'Stopped', 'Battery')]",0.7114093959731543,2.0179640718562872,0.013543383032592532
1.4355986014548083,"[(3986, 'Stopped', 'Battery'), (2854, 'Stopped', 'Battery'), (4140, 'Stopped', 'Battery'), (4168, 'Stopped', 'Battery')]",0.7114093959731543,2.0179640718562872,0.013543383032592532
1.4355986014548083,"[(3986, 'Stopped', 'Battery'), (2852, 'Stopped', 'Battery'), (4168, 'Stopped', 'Battery')]",0.7114093959731543,2.0179640718562872,0.013543383032592532
1.4355986014548083,"[(3986, 'Stopped', 'Battery'), (4140, 'Stopped', 'Battery'), (4168, 'Stopped', 'Battery'), (2852, 'Stopped', 'Battery'), (4110, 'Stopped', 'Battery')]",0.7114093959731543,2.0179640718562872,0.013543383032592532
1.4355986014548083,"[(3986, 'Stopped', 'Battery'), (4140, 'Stopped', 'Battery'), (4168, 'Stopped', 'Battery'), (2854, 'Stopped', 'Battery'), (2852, 'Stopped', 'Battery')]",0.7114093959731543,2.0179640718562872,0.013543383032592532
1.4355986014548083,"[(4026, 'Stopped', 'Battery'), (3986, 'Stopped', 'Battery'), (4110, 'Stopped', 'Battery'), (4168, 'Stopped', 'Battery')]",0.7114093959731543,2.0179640718562872,0.013543383032592532
1.4327388432845798,"[(3986, 'Stopped', 'Battery'), (4110, 'Stopped', 'Battery'), (4168, 'Stopped', 'Battery')]",0.7114093959731543,2.0139442231075697,0.013516404181929998
1.4327388432845798,"[(3986, 'Stopped', 'Battery'), (4140, 'Stopped', 'Battery'), (4110, 'Stopped', 'Battery'), (4168, 'Stopped', 'Battery')]",0.7114093959731543,2.0139442231075697,0.013516404181929998
1.4176487588709419,"[(2708, 'Stopped', 'Battery')]",0.8791946308724832,1.61244019138756,0.01082174625092322
1.4140473376630416,"[(4140, 'Stopped', 'Battery'), (2708, 'Stopped', 'Battery')]",0.8657718120805369,1.6332794830371566,0.010961607268705749
1.3999276465158055,"[(2708, 'Stopped', 'Battery'), (4026, 'Stopped', 'Battery'), (4030, 'Stopped', 'Battery'), (2854, 'Stopped', 'Battery'), (2852, 'Stopped', 'Battery')]",0.7449664429530202,1.8791821561338289,0.01261196077942167
1.3999276465158055,"[(2708, 'Stopped', 'Battery'), (4026, 'Stopped', 'Battery'), (4030, 'Stopped', 'Battery'), (2854, 'Stopped', 'Battery'), (4110, 'Stopped', 'Battery')]",0.7449664429530202,1.8791821561338289,0.01261196077942167
1.3999276465158055,"[(2708, 'Stopped', 'Battery'), (4026, 'Stopped', 'Battery'), (4110, 'Stopped', 'Battery'), (4140, 'Stopped', 'Battery'), (4030, 'Stopped', 'Battery'), (2854, 'Stopped', 'Battery'), (2852, 'Stopped', 'Battery')]",0.7449664429530202,1.8791821561338289,0.01261196077942167
1.3999276465158055,"[(4030, 'Stopped', 'Battery'), (2854, 'Stopped', 'Battery'), (4026, 'Stopped', 'Battery')]",0.7449664429530202,1.8791821561338289,0.01261196077942167
1.3999276465158055,"[(4030, 'Stopped', 'Battery'), (2852, 'Stopped', 'Battery'), (2708, 'Stopped', 'Battery'), (4026, 'Stopped', 'Battery')]",0.7449664429530202,1.8791821561338289,0.01261196077942167
1.3999276465158055,"[(4030, 'Stopped', 'Battery'), (4110, 'Stopped', 'Battery'), (4026, 'Stopped', 'Battery')]",0.7449664429530202,1.8791821561338289,0.01261196077942167
1.3999276465158055,"[(2708, 'Stopped', 'Battery'), (4026, 'Stopped', 'Battery'), (4140, 'Stopped', 'Battery'), (4030, 'Stopped', 'Battery'), (2854, 'Stopped', 'Battery'), (4110, 'Stopped', 'Battery')]",0.7449664429530202,1.8791821561338289,0.01261196077942167
1.3999276465158055,"[(2708, 'Stopped', 'Battery'), (4026, 'Stopped', 'Battery'), (4110, 'Stopped', 'Battery'), (4030, 'Stopped', 'Battery'), (2854, 'Stopped', 'Battery'), (2852, 'Stopped', 'Battery')]",0.7449664429530202,1.8791821561338289,0.01261196077942167
1.3999276465158055,"[(4026, 'Stopped', 'Battery'), (4140, 'Stopped', 'Battery'), (4030, 'Stopped', 'Battery'), (2854, 'Stopped', 'Battery'), (2852, 'Stopped', 'Battery')]",0.7449664429530202,1.8791821561338289,0.01261196077942167
1.3999276465158055,"[(4026, 'Stopped', 'Battery'), (4140, 'Stopped', 'Battery'), (4030, 'Stopped', 'Battery'), (2854, 'Stopped', 'Battery'), (4110, 'Stopped', 'Battery')]",0.7449664429530202,1.8791821561338289,0.01261196077942167
1.3999276465158055,"[(4030, 'Stopped', 'Battery'), (2852, 'Stopped', 'Battery'), (2854, 'Stopped', 'Battery'), (4026, 'Stopped', 'Battery')]",0.7449664429530202,1.8791821561338289,0.01261196077942167
1.3999276465158055,"[(4030, 'Stopped', 'Battery'), (2852, 'Stopped', 'Battery'), (4110, 'Stopped', 'Battery'), (4026, 'Stopped', 'Battery')]",0.7449664429530202,1.8791821561338289,0.01261196077942167
1.3999276465158055,"[(2708, 'Stopped', 'Battery'), (4026, 'Stopped', 'Battery'), (4140, 'Stopped', 'Battery'), (4030, 'Stopped', 'Battery'), (2854, 'Stopped', 'Battery'), (2852, 'Stopped', 'Battery')]",0.7449664429530202,1.8791821561338289,0.01261196077942167
1.3999276465158055,"[(4026, 'Stopped', 'Battery'), (4030, 'Stopped', 'Battery'), (2852, 'Stopped', 'Battery'), (2854, 'Stopped', 'Battery'), (4110, 'Stopped', 'Battery')]",0.7449664429530202,1.8791821561338289,0.01261196077942167
1.3999276465158055,"[(2708, 'Stopped', 'Battery'), (4026, 'Stopped', 'Battery'), (4140, 'Stopped', 'Battery'), (4030, 'Stopped', 'Battery'), (4110, 'Stopped', 'Battery')]",0.7449664429530202,1.8791821561338289,0.01261196077942167
1.3999276465158055,"[(2708, 'Stopped', 'Battery'), (4026, 'Stopped', 'Battery'), (4030, 'Stopped', 'Battery'), (2852, 'Stopped', 'Battery'), (4110, 'Stopped', 'Battery')]",0.7449664429530202,1.8791821561338289,0.01261196077942167
1.3999276465158055,"[(4030, 'Stopped', 'Battery'), (2852, 'Stopped', 'Battery'), (4026, 'Stopped', 'Battery')]",0.7449664429530202,1.8791821561338289,0.01261196077942167
1.3999276465158055,"[(4030, 'Stopped', 'Battery'), (2854, 'Stopped', 'Battery'), (4110, 'Stopped', 'Battery'), (4026, 'Stopped', 'Battery')]",0.7449664429530202,1.8791821561338289,0.01261196077942167
1.3999276465158055,"[(2708, 'Stopped', 'Battery'), (4026, 'Stopped', 'Battery'), (4140, 'Stopped', 'Battery'), (4030, 'Stopped', 'Battery'), (2852, 'Stopped', 'Battery'), (4110, 'Stopped', 'Battery')]",0.7449664429530202,1.8791821561338289,0.01261196077942167
1.3999276465158055,"[(4030, 'Stopped', 'Battery'), (2854, 'Stopped', 'Battery'), (4140, 'Stopped', 'Battery'), (4026, 'Stopped', 'Battery')]",0.7449664429530202,1.8791821561338289,0.01261196077942167
1.3999276465158055,"[(4110, 'Stopped', 'Battery'), (4030, 'Stopped', 'Battery'), (2708, 'Stopped', 'Battery'), (4026, 'Stopped', 'Battery')]",0.7449664429530202,1.8791821561338289,0.01261196077942167
1.3999276465158055,"[(2708, 'Stopped', 'Battery'), (4140, 'Stopped', 'Battery'), (4030, 'Stopped', 'Battery'), (2854, 'Stopped', 'Battery'), (4026, 'Stopped', 'Battery')]",0.7449664429530202,1.8791821561338289,0.01261196077942167
1.3999276465158055,"[(2708, 'Stopped', 'Battery'), (4026, 'Stopped', 'Battery'), (4140, 'Stopped', 'Battery'), (4030, 'Stopped', 'Battery'), (2852, 'Stopped', 'Battery')]",0.7449664429530202,1.8791821561338289,0.01261196077942167
1.3999276465158055,"[(4026, 'Stopped', 'Battery'), (4140, 'Stopped', 'Battery'), (4030, 'Stopped', 'Battery'), (2852, 'Stopped', 'Battery'), (4110, 'Stopped', 'Battery')]",0.7449664429530202,1.8791821561338289,0.01261196077942167
1.3999276465158055,"[(4026, 'Stopped', 'Battery'), (4140, 'Stopped', 'Battery'), (4030, 'Stopped', 'Battery'), (2852, 'Stopped', 'Battery'), (2854, 'Stopped', 'Battery'), (4110, 'Stopped', 'Battery')]",0.7449664429530202,1.8791821561338289,0.01261196077942167
1.3999276465158055,"[(4030, 'Stopped', 'Battery'), (4140, 'Stopped', 'Battery'), (4110, 'Stopped', 'Battery'), (4026, 'Stopped', 'Battery')]",0.7449664429530202,1.8791821561338289,0.01261196077942167
1.3999276465158055,"[(4030, 'Stopped', 'Battery'), (2854, 'Stopped', 'Battery'), (2708, 'Stopped', 'Battery'), (4026, 'Stopped', 'Battery')]",0.7449664429530202,1.8791821561338289,0.01261196077942167
1.3999276465158055,"[(4030, 'Stopped', 'Battery'), (2852, 'Stopped', 'Battery'), (4140, 'Stopped', 'Battery'), (4026, 'Stopped', 'Battery')]",0.7449664429530202,1.8791821561338289,0.01261196077942167
1.3973303781549227,"[(4030, 'Stopped', 'Battery'), (2854, 'Stopped', 'Battery'), (2852, 'Stopped', 'Battery')]",0.7449664429530202,1.87569573283859,0.012588561965359664
1.3973303781549227,"[(4030, 'Stopped', 'Battery'), (2852, 'Stopped', 'Battery'), (2854, 'Stopped', 'Battery'), (4110, 'Stopped', 'Battery')]",0.7449664429530202,1.87569573283859,0.012588561965359664
1.3973303781549227,"[(4030, 'Stopped', 'Battery'), (2854, 'Stopped', 'Battery'), (2708, 'Stopped', 'Battery')]",0.7449664429530202,1.87569573283859,0.012588561965359664
1.3973303781549227,"[(4030, 'Stopped', 'Battery'), (4110, 'Stopped', 'Battery')]",0.7449664429530202,1.87569573283859,0.012588561965359664
1.3973303781549227,"[(4030, 'Stopped', 'Battery'), (4140, 'Stopped', 'Battery'), (2852, 'Stopped', 'Battery')]",0.7449664429530202,1.87569573283859,0.012588561965359664
1.3973303781549227,"[(2708, 'Stopped', 'Battery'), (4030, 'Stopped', 'Battery'), (2852, 'Stopped', 'Battery'), (2854, 'Stopped', 'Battery'), (4110, 'Stopped', 'Battery')]",0.7449664429530202,1.87569573283859,0.012588561965359664
1.3973303781549227,"[(4030, 'Stopped', 'Battery'), (2852, 'Stopped', 'Battery')]",0.7449664429530202,1.87569573283859,0.012588561965359664
1.3973303781549227,"[(4030, 'Stopped', 'Battery'), (2852, 'Stopped', 'Battery'), (2854, 'Stopped', 'Battery'), (2708, 'Stopped', 'Battery')]",0.7449664429530202,1.87569573283859,0.012588561965359664
1.3973303781549227,"[(2708, 'Stopped', 'Battery'), (4140, 'Stopped', 'Battery'), (4030, 'Stopped', 'Battery'), (2852, 'Stopped', 'Battery'), (2854, 'Stopped', 'Battery'), (4110, 'Stopped', 'Battery')]",0.7449664429530202,1.87569573283859,0.012588561965359664
1.3973303781549227,"[(4030, 'Stopped', 'Battery'), (2854, 'Stopped', 'Battery')]",0.7449664429530202,1.87569573283859,0.012588561965359664
1.3973303781549227,"[(4030, 'Stopped', 'Battery'), (2852, 'Stopped', 'Battery'), (4110, 'Stopped', 'Battery')]",0.7449664429530202,1.87569573283859,0.012588561965359664
1.3973303781549227,"[(4140, 'Stopped', 'Battery'), (4030, 'Stopped', 'Battery'), (2852, 'Stopped', 'Battery'), (2854, 'Stopped', 'Battery'), (4110, 'Stopped', 'Battery')]",0.7449664429530202,1.87569573283859,0.012588561965359664
1.3973303781549227,"[(4110, 'Stopped', 'Battery'), (4030, 'Stopped', 'Battery'), (4140, 'Stopped', 'Battery'), (2708, 'Stopped', 'Battery')]",0.7449664429530202,1.87569573283859,0.012588561965359664
1.3973303781549227,"[(4030, 'Stopped', 'Battery'), (2852, 'Stopped', 'Battery'), (2708, 'Stopped', 'Battery')]",0.7449664429530202,1.87569573283859,0.012588561965359664
1.3973303781549227,"[(4030, 'Stopped', 'Battery'), (2852, 'Stopped', 'Battery'), (4140, 'Stopped', 'Battery'), (4110, 'Stopped', 'Battery')]",0.7449664429530202,1.87569573283859,0.012588561965359664
1.3973303781549227,"[(4030, 'Stopped', 'Battery'), (2854, 'Stopped', 'Battery'), (4140, 'Stopped', 'Battery')]",0.7449664429530202,1.87569573283859,0.012588561965359664
1.3973303781549227,"[(4030, 'Stopped', 'Battery'), (2854, 'Stopped', 'Battery'), (4140, 'Stopped', 'Battery'), (2852, 'Stopped', 'Battery')]",0.7449664429530202,1.87569573283859,0.012588561965359664
1.3973303781549227,"[(4030, 'Stopped', 'Battery'), (2854, 'Stopped', 'Battery'), (4140, 'Stopped', 'Battery'), (4110, 'Stopped', 'Battery')]",0.7449664429530202,1.87569573283859,0.012588561965359664
1.3973303781549227,"[(4110, 'Stopped', 'Battery'), (4030, 'Stopped', 'Battery'), (2854, 'Stopped', 'Battery'), (2708, 'Stopped', 'Battery')]",0.7449664429530202,1.87569573283859,0.012588561965359664
1.3973303781549227,"[(4030, 'Stopped', 'Battery'), (2854, 'Stopped', 'Battery'), (4110, 'Stopped', 'Battery')]",0.7449664429530202,1.87569573283859,0.012588561965359664
1.3973303781549227,"[(2708, 'Stopped', 'Battery'), (4140, 'Stopped', 'Battery'), (4030, 'Stopped', 'Battery'), (2854, 'Stopped', 'Battery'), (2852, 'Stopped', 'Battery')]",0.7449664429530202,1.87569573283859,0.012588561965359664
1.3973303781549227,"[(2708, 'Stopped', 'Battery'), (4140, 'Stopped', 'Battery'), (4030, 'Stopped', 'Battery'), (2854, 'Stopped', 'Battery'), (4110, 'Stopped', 'Battery')]",0.7449664429530202,1.87569573283859,0.012588561965359664
1.3973303781549227,"[(4110, 'Stopped', 'Battery'), (2852, 'Stopped', 'Battery'), (4030, 'Stopped', 'Battery'), (2708, 'Stopped', 'Battery')]",0.7449664429530202,1.87569573283859,0.012588561965359664
1.3973303781549227,"[(4030, 'Stopped', 'Battery'), (2854, 'Stopped', 'Battery'), (4140, 'Stopped', 'Battery'), (2708, 'Stopped', 'Battery')]",0.7449664429530202,1.87569573283859,0.012588561965359664
1.3973303781549227,"[(4030, 'Stopped', 'Battery'), (4140, 'Stopped', 'Battery'), (4110, 'Stopped', 'Battery')]",0.7449664429530202,1.87569573283859,0.012588561965359664
1.3973303781549227,"[(4110, 'Stopped', 'Battery'), (4030, 'Stopped', 'Battery'), (2708, 'Stopped', 'Battery')]",0.7449664429530202,1.87569573283859,0.012588561965359664
1.3973303781549227,"[(4030, 'Stopped', 'Battery'), (2852, 'Stopped', 'Battery'), (4140, 'Stopped', 'Battery'), (2708, 'Stopped', 'Battery')]",0.7449664429530202,1.87569573283859,0.012588561965359664
1.3973303781549227,"[(2708, 'Stopped', 'Battery'), (4140, 'Stopped', 'Battery'), (4030, 'Stopped', 'Battery'), (2852, 'Stopped', 'Battery'), (4110, 'Stopped', 'Battery')]",0.7449664429530202,1.87569573283859,0.012588561965359664
1.3940573520439292,"[(4030, 'Stopped', 'Battery'), (2708, 'Stopped', 'Battery'), (4026, 'Stopped', 'Battery')]",0.7583892617449665,1.8381818181818181,0.012336790726052472
1.3940573520439292,"[(4030, 'Stopped', 'Battery'), (4140, 'Stopped', 'Battery'), (2708, 'Stopped', 'Battery'), (4026, 'Stopped', 'Battery')]",0.7583892617449665,1.8381818181818181,0.012336790726052472
1.3940573520439292,"[(4030, 'Stopped', 'Battery'), (4026, 'Stopped', 'Battery')]",0.7583892617449665,1.8381818181818181,0.012336790726052472
1.3940573520439292,"[(4030, 'Stopped', 'Battery'), (4140, 'Stopped', 'Battery'), (4026, 'Stopped', 'Battery')]",0.7583892617449665,1.8381818181818181,0.012336790726052472
1.3921074641480184,"[(4140, 'Stopped', 'Battery')]",0.906040268456376,1.5364741641337385,0.01031190714183717
1.3890064196089875,"[(4030, 'Stopped', 'Battery'), (4140, 'Stopped', 'Battery')]",0.7583892617449665,1.8315217391304348,0.012292092208929092
1.3890064196089875,"[(4030, 'Stopped', 'Battery'), (4140, 'Stopped', 'Battery'), (2708, 'Stopped', 'Battery')]",0.7583892617449665,1.8315217391304348,0.012292092208929092
1.3890064196089875,"[(4030, 'Stopped', 'Battery'), (2708, 'Stopped', 'Battery')]",0.7583892617449665,1.8315217391304348,0.012292092208929092
1.3890064196089875,"[(4030, 'Stopped', 'Battery')]",0.7583892617449665,1.8315217391304348,0.012292092208929092
1.3570469798657718,"[(4140, 'Stopped', 'Battery'), (2708, 'Stopped', 'Battery'), (4026, 'Stopped', 'Battery')]",0.8053691275167785,1.685,0.011308724832214765
1.3547312000366494,"[(2708, 'Stopped', 'Battery'), (4026, 'Stopped', 'Battery'), (4140, 'Stopped', 'Battery'), (2852, 'Stopped', 'Battery'), (2854, 'Stopped', 'Battery'), (4110, 'Stopped', 'Battery')]",0.785234899328859,1.7252559726962458,0.011578899145612387
1.3547312000366494,"[(2854, 'Stopped', 'Battery'), (4140, 'Stopped', 'Battery'), (2708, 'Stopped', 'Battery'), (4026, 'Stopped', 'Battery')]",0.785234899328859,1.7252559726962458,0.011578899145612387
1.3547312000366494,"[(2708, 'Stopped', 'Battery'), (4026, 'Stopped', 'Battery'), (4140, 'Stopped', 'Battery'), (2854, 'Stopped', 'Battery'), (4110, 'Stopped', 'Battery')]",0.785234899328859,1.7252559726962458,0.011578899145612387
1.3547312000366494,"[(2708, 'Stopped', 'Battery'), (4026, 'Stopped', 'Battery'), (4140, 'Stopped', 'Battery'), (2852, 'Stopped', 'Battery'), (4110, 'Stopped', 'Battery')]",0.785234899328859,1.7252559726962458,0.011578899145612387
1.3547312000366494,"[(2708, 'Stopped', 'Battery'), (4026, 'Stopped', 'Battery'), (4140, 'Stopped', 'Battery'), (2854, 'Stopped', 'Battery'), (2852, 'Stopped', 'Battery')]",0.785234899328859,1.7252559726962458,0.011578899145612387
1.3547312000366494,"[(2852, 'Stopped', 'Battery'), (4140, 'Stopped', 'Battery'), (2708, 'Stopped', 'Battery'), (4026, 'Stopped', 'Battery')]",0.785234899328859,1.7252559726962458,0.011578899145612387
1.3524233104284098,"[(2708, 'Stopped', 'Battery'), (4140, 'Stopped', 'Battery'), (2852, 'Stopped', 'Battery'), (2854, 'Stopped', 'Battery'), (4110, 'Stopped', 'Battery')]",0.785234899328859,1.7223168654173766,0.011559173593405211
1.3524233104284098,"[(2852, 'Stopped', 'Battery'), (4140, 'Stopped', 'Battery'), (2708, 'Stopped', 'Battery')]",0.785234899328859,1.7223168654173766,0.011559173593405211
1.3524233104284098,"[(2852, 'Stopped', 'Battery'), (2854, 'Stopped', 'Battery'), (4140, 'Stopped', 'Battery'), (2708, 'Stopped', 'Battery')]",0.785234899328859,1.7223168654173766,0.011559173593405211
1.3524233104284098,"[(4110, 'Stopped', 'Battery'), (4140, 'Stopped', 'Battery'), (2708, 'Stopped', 'Battery'), (4026, 'Stopped', 'Battery')]",0.785234899328859,1.7223168654173766,0.011559173593405211
1.3524233104284098,"[(2854, 'Stopped', 'Battery'), (4140, 'Stopped', 'Battery'), (2708, 'Stopped', 'Battery')]",0.785234899328859,1.7223168654173766,0.011559173593405211
1.3524233104284098,"[(4110, 'Stopped', 'Battery'), (2854, 'Stopped', 'Battery'), (4140, 'Stopped', 'Battery'), (2708, 'Stopped', 'Battery')]",0.785234899328859,1.7223168654173766,0.011559173593405211
1.3524233104284098,"[(4110, 'Stopped', 'Battery'), (2852, 'Stopped', 'Battery'), (4140, 'Stopped', 'Battery'), (2708, 'Stopped', 'Battery')]",0.785234899328859,1.7223168654173766,0.011559173593405211
1.3502955023540015,"[(2708, 'Stopped', 'Battery'), (4026, 'Stopped', 'Battery')]",0.8053691275167785,1.6766169154228854,0.01125246251961668
1.350123270784824,"[(2854, 'Stopped', 'Battery'), (2708, 'Stopped', 'Battery'), (4026, 'Stopped', 'Battery')]",0.785234899328859,1.719387755102041,0.011539515134913025
1.350123270784824,"[(4110, 'Stopped', 'Battery'), (4140, 'Stopped', 'Battery'), (2708, 'Stopped', 'Battery')]",0.785234899328859,1.719387755102041,0.011539515134913025
1.350123270784824,"[(2708, 'Stopped', 'Battery'), (4026, 'Stopped', 'Battery'), (2852, 'Stopped', 'Battery'), (2854, 'Stopped', 'Battery'), (4110, 'Stopped', 'Battery')]",0.785234899328859,1.719387755102041,0.011539515134913025
1.350123270784824,"[(2852, 'Stopped', 'Battery'), (2708, 'Stopped', 'Battery'), (4026, 'Stopped', 'Battery')]",0.785234899328859,1.719387755102041,0.011539515134913025
1.350123270784824,"[(2852, 'Stopped', 'Battery'), (2854, 'Stopped', 'Battery'), (2708, 'Stopped', 'Battery'), (4026, 'Stopped', 'Battery')]",0.785234899328859,1.719387755102041,0.011539515134913025
1.350123270784824,"[(4110, 'Stopped', 'Battery'), (2852, 'Stopped', 'Battery'), (2708, 'Stopped', 'Battery'), (4026, 'Stopped', 'Battery')]",0.785234899328859,1.719387755102041,0.011539515134913025
1.350123270784824,"[(4110, 'Stopped', 'Battery'), (2854, 'Stopped', 'Battery'), (2708, 'Stopped', 'Battery'), (4026, 'Stopped', 'Battery')]",0.785234899328859,1.719387755102041,0.011539515134913025
1.3479086163649923,"[(2852, 'Stopped', 'Battery'), (2854, 'Stopped', 'Battery'), (4140, 'Stopped', 'Battery'), (4026, 'Stopped', 'Battery')]",0.7919463087248322,1.7020202020202022,0.011422954375974511
1.3479086163649923,"[(4110, 'Stopped', 'Battery'), (2854, 'Stopped', 'Battery'), (4140, 'Stopped', 'Battery'), (4026, 'Stopped', 'Battery')]",0.7919463087248322,1.7020202020202022,0.011422954375974511
1.3479086163649923,"[(2854, 'Stopped', 'Battery'), (4140, 'Stopped', 'Battery'), (4026, 'Stopped', 'Battery')]",0.7919463087248322,1.7020202020202022,0.011422954375974511
1.3479086163649923,"[(4026, 'Stopped', 'Battery'), (4140, 'Stopped', 'Battery'), (2852, 'Stopped', 'Battery'), (2854, 'Stopped', 'Battery'), (4110, 'Stopped', 'Battery')]",0.7919463087248322,1.7020202020202022,0.011422954375974511
1.34783104112305,"[(2854, 'Stopped', 'Battery'), (2708, 'Stopped', 'Battery')]",0.785234899328859,1.7164685908319186,0.011519923428402138
1.34783104112305,"[(4110, 'Stopped', 'Battery'), (2852, 'Stopped', 'Battery'), (2854, 'Stopped', 'Battery'), (2708, 'Stopped', 'Battery')]",0.785234899328859,1.7164685908319186,0.011519923428402138
1.34783104112305,"[(4110, 'Stopped', 'Battery'), (2854, 'Stopped', 'Battery'), (2708, 'Stopped', 'Battery')]",0.785234899328859,1.7164685908319186,0.011519923428402138
1.34783104112305,"[(4110, 'Stopped', 'Battery'), (2708, 'Stopped', 'Battery'), (4026, 'Stopped', 'Battery')]",0.785234899328859,1.7164685908319186,0.011519923428402138
1.34783104112305,"[(2852, 'Stopped', 'Battery'), (2708, 'Stopped', 'Battery')]",0.785234899328859,1.7164685908319186,0.011519923428402138
1.34783104112305,"[(4110, 'Stopped', 'Battery'), (2852, 'Stopped', 'Battery'), (2708, 'Stopped', 'Battery')]",0.785234899328859,1.7164685908319186,0.011519923428402138
1.34783104112305,"[(2852, 'Stopped', 'Battery'), (2854, 'Stopped', 'Battery'), (2708, 'Stopped', 'Battery')]",0.785234899328859,1.7164685908319186,0.011519923428402138
1.345643223732446,"[(4110, 'Stopped', 'Battery'), (2852, 'Stopped', 'Battery'), (4140, 'Stopped', 'Battery'), (4026, 'Stopped', 'Battery')]",0.7919463087248322,1.6991596638655464,0.011403756133325813
1.345643223732446,"[(2852, 'Stopped', 'Battery'), (4140, 'Stopped', 'Battery'), (4026, 'Stopped', 'Battery')]",0.7919463087248322,1.6991596638655464,0.011403756133325813
1.345643223732446,"[(2854, 'Stopped', 'Battery'), (4140, 'Stopped', 'Battery'), (4110, 'Stopped', 'Battery')]",0.7919463087248322,1.6991596638655464,0.011403756133325813
1.345643223732446,"[(2854, 'Stopped', 'Battery'), (4140, 'Stopped', 'Battery')]",0.7919463087248322,1.6991596638655464,0.011403756133325813
1.345643223732446,"[(2854, 'Stopped', 'Battery'), (4140, 'Stopped', 'Battery'), (2852, 'Stopped', 'Battery')]",0.7919463087248322,1.6991596638655464,0.011403756133325813
1.345643223732446,"[(2852, 'Stopped', 'Battery'), (2854, 'Stopped', 'Battery'), (4140, 'Stopped', 'Battery'), (4110, 'Stopped', 'Battery')]",0.7919463087248322,1.6991596638655464,0.011403756133325813
1.3455465817313161,"[(4110, 'Stopped', 'Battery'), (2708, 'Stopped', 'Battery')]",0.785234899328859,1.7135593220338983,0.011500398134455693
1.3433854330885997,"[(4110, 'Stopped', 'Battery'), (4140, 'Stopped', 'Battery'), (4026, 'Stopped', 'Battery')]",0.7919463087248322,1.6963087248322148,0.011384622314310167
1.3433854330885997,"[(4110, 'Stopped', 'Battery'), (2852, 'Stopped', 'Battery'), (2854, 'Stopped', 'Battery'), (4026, 'Stopped', 'Battery')]",0.7919463087248322,1.6963087248322148,0.011384622314310167
1.3433854330885997,"[(4110, 'Stopped', 'Battery'), (2854, 'Stopped', 'Battery'), (4026, 'Stopped', 'Battery')]",0.7919463087248322,1.6963087248322148,0.011384622314310167
1.3433854330885997,"[(4140, 'Stopped', 'Battery'), (2852, 'Stopped', 'Battery')]",0.7919463087248322,1.6963087248322148,0.011384622314310167
1.3433854330885997,"[(2852, 'Stopped', 'Battery'), (4140, 'Stopped', 'Battery'), (4110, 'Stopped', 'Battery')]",0.7919463087248322,1.6963087248322148,0.011384622314310167
1.3433854330885997,"[(2854, 'Stopped', 'Battery'), (4026, 'Stopped', 'Battery')]",0.7919463087248322,1.6963087248322148,0.011384622314310167
1.3433854330885997,"[(2852, 'Stopped', 'Battery'), (2854, 'Stopped', 'Battery'), (4026, 'Stopped', 'Battery')]",0.7919463087248322,1.6963087248322148,0.011384622314310167
1.3415252006843006,"[(4140, 'Stopped', 'Battery'), (4026, 'Stopped', 'Battery')]",0.8120805369127517,1.6519607843137254,0.011086985129622319
1.3411352062325048,"[(2854, 'Stopped', 'Battery'), (2852, 'Stopped', 'Battery')]",0.7919463087248322,1.6934673366834172,0.011365552595190719
1.3411352062325048,"[(4110, 'Stopped', 'Battery'), (2852, 'Stopped', 'Battery'), (4026, 'Stopped', 'Battery')]",0.7919463087248322,1.6934673366834172,0.011365552595190719
1.3411352062325048,"[(2854, 'Stopped', 'Battery')]",0.7919463087248322,1.6934673366834172,0.011365552595190719
1.3411352062325048,"[(2852, 'Stopped', 'Battery'), (4026, 'Stopped', 'Battery')]",0.7919463087248322,1.6934673366834172,0.011365552595190719
1.3411352062325048,"[(2854, 'Stopped', 'Battery'), (4110, 'Stopped', 'Battery')]",0.7919463087248322,1.6934673366834172,0.011365552595190719
1.3411352062325048,"[(2852, 'Stopped', 'Battery'), (2854, 'Stopped', 'Battery'), (4110, 'Stopped', 'Battery')]",0.7919463087248322,1.6934673366834172,0.011365552595190719
1.3388925052187381,"[(4140, 'Stopped', 'Battery'), (4110, 'Stopped', 'Battery')]",0.7919463087248322,1.6906354515050168,0.011346546654396087
1.3388925052187381,"[(2852, 'Stopped', 'Battery')]",0.7919463087248322,1.6906354515050168,0.011346546654396087
1.3388925052187381,"[(2852, 'Stopped', 'Battery'), (4110, 'Stopped', 'Battery')]",0.7919463087248322,1.6906354515050168,0.011346546654396087
1.3388925052187381,"[(4110, 'Stopped', 'Battery'), (4026, 'Stopped', 'Battery')]",0.7919463087248322,1.6906354515050168,0.011346546654396087
1.3349811753151088,"[(4026, 'Stopped', 'Battery')]",0.8120805369127517,1.6439024390243901,0.011032902275331477
1.3344295302013423,"[(4110, 'Stopped', 'Battery')]",0.7919463087248322,1.685,0.011308724832214765
1.3270016592783376,"[(2708, 'Stopped', 'Battery'), (4140, 'Stopped', 'Battery'), (4168, 'Stopped', 'Battery'), (4030, 'Stopped', 'Battery'), (4026, 'Stopped', 'Battery')]",0.7114093959731542,1.8653136531365313,0.012518883578097526
1.3270016592783376,"[(4030, 'Stopped', 'Battery'), (4140, 'Stopped', 'Battery'), (4026, 'Stopped', 'Battery'), (4168, 'Stopped', 'Battery')]",0.7114093959731542,1.8653136531365313,0.012518883578097526
1.3270016592783376,"[(4030, 'Stopped', 'Battery'), (4026, 'Stopped', 'Battery'), (2708, 'Stopped', 'Battery'), (4168, 'Stopped', 'Battery')]",0.7114093959731542,1.8653136531365313,0.012518883578097526
1.3270016592783376,"[(4030, 'Stopped', 'Battery'), (4026, 'Stopped', 'Battery'), (4168, 'Stopped', 'Battery')]",0.7114093959731542,1.8653136531365313,0.012518883578097526
1.3255922485443796,"[(2708, 'Stopped', 'Battery'), (4168, 'Stopped', 'Battery')]",0.7919463087248322,1.673841059602649,0.011233832614782878
1.3221229767074614,"[(4030, 'Stopped', 'Battery'), (2708, 'Stopped', 'Battery'), (4168, 'Stopped', 'Battery')]",0.7114093959731543,1.8584558823529411,0.012472858270825109
1.3221229767074614,"[(4030, 'Stopped', 'Battery'), (4168, 'Stopped', 'Battery')]",0.7114093959731543,1.8584558823529411,0.012472858270825109
1.3221229767074614,"[(4030, 'Stopped', 'Battery'), (4140, 'Stopped', 'Battery'), (2708, 'Stopped', 'Battery'), (4168, 'Stopped', 'Battery')]",0.7114093959731543,1.8584558823529411,0.012472858270825109
1.3221229767074614,"[(4030, 'Stopped', 'Battery'), (4140, 'Stopped', 'Battery'), (4168, 'Stopped', 'Battery')]",0.7114093959731543,1.8584558823529411,0.012472858270825109
1.3209192732470492,"[(4140, 'Stopped', 'Battery'), (2708, 'Stopped', 'Battery'), (4168, 'Stopped', 'Battery')]",0.785234899328859,1.6821963394342763,0.011289908318350847
1.3115230396466326,"[(4168, 'Stopped', 'Battery')]",0.8120805369127517,1.6150159744408945,0.01083903338550936
1.300230198100055,"[(4140, 'Stopped', 'Battery'), (4168, 'Stopped', 'Battery')]",0.7986577181208053,1.6280193236714975,0.010926304185714749
1.2973460975028106,"[(4026, 'Stopped', 'Battery'), (4140, 'Stopped', 'Battery'), (2708, 'Stopped', 'Battery'), (4168, 'Stopped', 'Battery')]",0.7583892617449665,1.7106598984771575,0.011480938915954076
1.2951546345002722,"[(4026, 'Stopped', 'Battery'), (2708, 'Stopped', 'Battery'), (4168, 'Stopped', 'Battery')]",0.7583892617449665,1.7077702702702704,0.011461545438055505
1.2935456480522955,"[(2708, 'Stopped', 'Battery'), (4026, 'Stopped', 'Battery'), (4140, 'Stopped', 'Battery'), (4168, 'Stopped', 'Battery'), (2852, 'Stopped', 'Battery'), (4110, 'Stopped', 'Battery')]",0.738255033557047,1.752166377816291,0.011759505891384504
1.2935456480522955,"[(2708, 'Stopped', 'Battery'), (4026, 'Stopped', 'Battery'), (4168, 'Stopped', 'Battery'), (2854, 'Stopped', 'Battery'), (2852, 'Stopped', 'Battery')]",0.738255033557047,1.752166377816291,0.011759505891384504
1.2935456480522955,"[(2708, 'Stopped', 'Battery'), (4026, 'Stopped', 'Battery'), (4140, 'Stopped', 'Battery'), (4168, 'Stopped', 'Battery'), (2852, 'Stopped', 'Battery'), (2854, 'Stopped', 'Battery'), (4110, 'Stopped', 'Battery')]",0.738255033557047,1.752166377816291,0.011759505891384504
1.2935456480522955,"[(2708, 'Stopped', 'Battery'), (4026, 'Stopped', 'Battery'), (4140, 'Stopped', 'Battery'), (4168, 'Stopped', 'Battery'), (2854, 'Stopped', 'Battery'), (4110, 'Stopped', 'Battery')]",0.738255033557047,1.752166377816291,0.011759505891384504
1.2935456480522955,"[(2708, 'Stopped', 'Battery'), (4140, 'Stopped', 'Battery'), (4168, 'Stopped', 'Battery'), (2854, 'Stopped', 'Battery'), (4026, 'Stopped', 'Battery')]",0.738255033557047,1.752166377816291,0.011759505891384504
1.2935456480522955,"[(4026, 'Stopped', 'Battery'), (2854, 'Stopped', 'Battery'), (2708, 'Stopped', 'Battery'), (4168, 'Stopped', 'Battery')]",0.738255033557047,1.752166377816291,0.011759505891384504
1.2935456480522955,"[(2708, 'Stopped', 'Battery'), (4026, 'Stopped', 'Battery'), (4140, 'Stopped', 'Battery'), (4168, 'Stopped', 'Battery'), (2852, 'Stopped', 'Battery')]",0.738255033557047,1.752166377816291,0.011759505891384504
1.2935456480522955,"[(4026, 'Stopped', 'Battery'), (2852, 'Stopped', 'Battery'), (2708, 'Stopped', 'Battery'), (4168, 'Stopped', 'Battery')]",0.738255033557047,1.752166377816291,0.011759505891384504
1.2935456480522955,"[(2708, 'Stopped', 'Battery'), (4026, 'Stopped', 'Battery'), (4140, 'Stopped', 'Battery'), (4168, 'Stopped', 'Battery'), (2854, 'Stopped', 'Battery'), (2852, 'Stopped', 'Battery')]",0.738255033557047,1.752166377816291,0.011759505891384504
1.2935456480522955,"[(2708, 'Stopped', 'Battery'), (4026, 'Stopped', 'Battery'), (4168, 'Stopped', 'Battery'), (2852, 'Stopped', 'Battery'), (4110, 'Stopped', 'Battery')]",0.738255033557047,1.752166377816291,0.011759505891384504
1.2935456480522955,"[(2708, 'Stopped', 'Battery'), (4026, 'Stopped', 'Battery'), (4168, 'Stopped', 'Battery'), (2854, 'Stopped', 'Battery'), (4110, 'Stopped', 'Battery')]",0.738255033557047,1.752166377816291,0.011759505891384504
1.2935456480522955,"[(2708, 'Stopped', 'Battery'), (4026, 'Stopped', 'Battery'), (4168, 'Stopped', 'Battery'), (2852, 'Stopped', 'Battery'), (2854, 'Stopped', 'Battery'), (4110, 'Stopped', 'Battery')]",0.738255033557047,1.752166377816291,0.011759505891384504
1.2918714816904002,"[(4026, 'Stopped', 'Battery'), (4140, 'Stopped', 'Battery'), (4168, 'Stopped', 'Battery'), (2852, 'Stopped', 'Battery'), (2854, 'Stopped', 'Battery'), (4110, 'Stopped', 'Battery')]",0.7449664429530201,1.7341337907375642,0.011638481817030633
1.2918714816904002,"[(2852, 'Stopped', 'Battery'), (4140, 'Stopped', 'Battery'), (4026, 'Stopped', 'Battery'), (4168, 'Stopped', 'Battery')]",0.7449664429530201,1.7341337907375642,0.011638481817030633
1.2918714816904002,"[(4026, 'Stopped', 'Battery'), (4168, 'Stopped', 'Battery'), (2852, 'Stopped', 'Battery'), (2854, 'Stopped', 'Battery'), (4110, 'Stopped', 'Battery')]",0.7449664429530201,1.7341337907375642,0.011638481817030633
1.2918714816904002,"[(4110, 'Stopped', 'Battery'), (2854, 'Stopped', 'Battery'), (4026, 'Stopped', 'Battery'), (4168, 'Stopped', 'Battery')]",0.7449664429530201,1.7341337907375642,0.011638481817030633
1.2918714816904002,"[(2854, 'Stopped', 'Battery'), (4026, 'Stopped', 'Battery'), (4168, 'Stopped', 'Battery')]",0.7449664429530201,1.7341337907375642,0.011638481817030633
1.2918714816904002,"[(4026, 'Stopped', 'Battery'), (4140, 'Stopped', 'Battery'), (4168, 'Stopped', 'Battery'), (2854, 'Stopped', 'Battery'), (4110, 'Stopped', 'Battery')]",0.7449664429530201,1.7341337907375642,0.011638481817030633
1.2918714816904002,"[(4026, 'Stopped', 'Battery'), (4140, 'Stopped', 'Battery'), (4168, 'Stopped', 'Battery'), (2852, 'Stopped', 'Battery'), (4110, 'Stopped', 'Battery')]",0.7449664429530201,1.7341337907375642,0.011638481817030633
1.2918714816904002,"[(4026, 'Stopped', 'Battery'), (4140, 'Stopped', 'Battery'), (4168, 'Stopped', 'Battery'), (2854, 'Stopped', 'Battery'), (2852, 'Stopped', 'Battery')]",0.7449664429530201,1.7341337907375642,0.011638481817030633
1.2918714816904002,"[(4110, 'Stopped', 'Battery'), (2852, 'Stopped', 'Battery'), (4026, 'Stopped', 'Battery'), (4168, 'Stopped', 'Battery')]",0.7449664429530201,1.7341337907375642,0.011638481817030633
1.2918714816904002,"[(2854, 'Stopped', 'Battery'), (4140, 'Stopped', 'Battery'), (4026, 'Stopped', 'Battery'), (4168, 'Stopped', 'Battery')]",0.7449664429530201,1.7341337907375642,0.011638481817030633
1.2918714816904002,"[(2852, 'Stopped', 'Battery'), (4026, 'Stopped', 'Battery'), (4168, 'Stopped', 'Battery')]",0.7449664429530201,1.7341337907375642,0.011638481817030633
1.2918714816904002,"[(2852, 'Stopped', 'Battery'), (2854, 'Stopped', 'Battery'), (4026, 'Stopped', 'Battery'), (4168, 'Stopped', 'Battery')]",0.7449664429530201,1.7341337907375642,0.011638481817030633
1.29130767980307,"[(2854, 'Stopped', 'Battery'), (2708, 'Stopped', 'Battery'), (4168, 'Stopped', 'Battery')]",0.738255033557047,1.7491349480968859,0.011739160725482454
1.29130767980307,"[(4110, 'Stopped', 'Battery'), (2852, 'Stopped', 'Battery'), (2708, 'Stopped', 'Battery'), (4168, 'Stopped', 'Battery')]",0.738255033557047,1.7491349480968859,0.011739160725482454
1.29130767980307,"[(2852, 'Stopped', 'Battery'), (4140, 'Stopped', 'Battery'), (2708, 'Stopped', 'Battery'), (4168, 'Stopped', 'Battery')]",0.738255033557047,1.7491349480968859,0.011739160725482454
1.29130767980307,"[(2708, 'Stopped', 'Battery'), (4026, 'Stopped', 'Battery'), (4140, 'Stopped', 'Battery'), (4168, 'Stopped', 'Battery'), (4110, 'Stopped', 'Battery')]",0.738255033557047,1.7491349480968859,0.011739160725482454
1.29130767980307,"[(2708, 'Stopped', 'Battery'), (4140, 'Stopped', 'Battery'), (4168, 'Stopped', 'Battery'), (2854, 'Stopped', 'Battery'), (2852, 'Stopped', 'Battery')]",0.738255033557047,1.7491349480968859,0.011739160725482454
1.29130767980307,"[(2708, 'Stopped', 'Battery'), (4140, 'Stopped', 'Battery'), (4168, 'Stopped', 'Battery'), (2854, 'Stopped', 'Battery'), (4110, 'Stopped', 'Battery')]",0.738255033557047,1.7491349480968859,0.011739160725482454
1.29130767980307,"[(4110, 'Stopped', 'Battery'), (2854, 'Stopped', 'Battery'), (2708, 'Stopped', 'Battery'), (4168, 'Stopped', 'Battery')]",0.738255033557047,1.7491349480968859,0.011739160725482454
1.29130767980307,"[(2708, 'Stopped', 'Battery'), (4140, 'Stopped', 'Battery'), (4168, 'Stopped', 'Battery'), (2852, 'Stopped', 'Battery'), (2854, 'Stopped', 'Battery'), (4110, 'Stopped', 'Battery')]",0.738255033557047,1.7491349480968859,0.011739160725482454
1.29130767980307,"[(4110, 'Stopped', 'Battery'), (4026, 'Stopped', 'Battery'), (2708, 'Stopped', 'Battery'), (4168, 'Stopped', 'Battery')]",0.738255033557047,1.7491349480968859,0.011739160725482454
1.29130767980307,"[(2708, 'Stopped', 'Battery'), (4140, 'Stopped', 'Battery'), (4168, 'Stopped', 'Battery'), (2852, 'Stopped', 'Battery'), (4110, 'Stopped', 'Battery')]",0.738255033557047,1.7491349480968859,0.011739160725482454
1.29130767980307,"[(2854, 'Stopped', 'Battery'), (4140, 'Stopped', 'Battery'), (2708, 'Stopped', 'Battery'), (4168, 'Stopped', 'Battery')]",0.738255033557047,1.7491349480968859,0.011739160725482454
1.29130767980307,"[(2708, 'Stopped', 'Battery'), (4168, 'Stopped', 'Battery'), (2852, 'Stopped', 'Battery'), (2854, 'Stopped', 'Battery'), (4110, 'Stopped', 'Battery')]",0.738255033557047,1.7491349480968859,0.011739160725482454
1.29130767980307,"[(2852, 'Stopped', 'Battery'), (2708, 'Stopped', 'Battery'), (4168, 'Stopped', 'Battery')]",0.738255033557047,1.7491349480968859,0.011739160725482454
1.29130767980307,"[(2852, 'Stopped', 'Battery'), (2854, 'Stopped', 'Battery'), (2708, 'Stopped', 'Battery'), (4168, 'Stopped', 'Battery')]",0.738255033557047,1.7491349480968859,0.011739160725482454
1.2896593729888757,"[(2854, 'Stopped', 'Battery'), (2852, 'Stopped', 'Battery'), (4168, 'Stopped', 'Battery')]",0.7449664429530202,1.731164383561644,0.01161855290980969
1.2896593729888757,"[(2852, 'Stopped', 'Battery'), (4110, 'Stopped', 'Battery'), (4168, 'Stopped', 'Battery')]",0.7449664429530202,1.731164383561644,0.01161855290980969
1.2896593729888757,"[(2854, 'Stopped', 'Battery'), (4140, 'Stopped', 'Battery'), (4168, 'Stopped', 'Battery')]",0.7449664429530202,1.731164383561644,0.01161855290980969
1.2896593729888757,"[(2852, 'Stopped', 'Battery'), (2854, 'Stopped', 'Battery'), (4110, 'Stopped', 'Battery'), (4168, 'Stopped', 'Battery')]",0.7449664429530202,1.731164383561644,0.01161855290980969
1.2896593729888757,"[(2852, 'Stopped', 'Battery'), (4168, 'Stopped', 'Battery')]",0.7449664429530202,1.731164383561644,0.01161855290980969
1.2896593729888757,"[(2854, 'Stopped', 'Battery'), (4140, 'Stopped', 'Battery'), (2852, 'Stopped', 'Battery'), (4168, 'Stopped', 'Battery')]",0.7449664429530202,1.731164383561644,0.01161855290980969
1.2896593729888757,"[(2854, 'Stopped', 'Battery'), (4140, 'Stopped', 'Battery'), (4110, 'Stopped', 'Battery'), (4168, 'Stopped', 'Battery')]",0.7449664429530202,1.731164383561644,0.01161855290980969
1.2896593729888757,"[(4140, 'Stopped', 'Battery'), (2852, 'Stopped', 'Battery'), (4168, 'Stopped', 'Battery')]",0.7449664429530202,1.731164383561644,0.01161855290980969
1.2896593729888757,"[(2854, 'Stopped', 'Battery'), (4110, 'Stopped', 'Battery'), (4168, 'Stopped', 'Battery')]",0.7449664429530202,1.731164383561644,0.01161855290980969
1.2896593729888757,"[(2854, 'Stopped', 'Battery'), (4168, 'Stopped', 'Battery')]",0.7449664429530202,1.731164383561644,0.01161855290980969
1.2896593729888757,"[(4140, 'Stopped', 'Battery'), (4168, 'Stopped', 'Battery'), (2852, 'Stopped', 'Battery'), (2854, 'Stopped', 'Battery'), (4110, 'Stopped', 'Battery')]",0.7449664429530202,1.731164383561644,0.01161855290980969
1.2896593729888757,"[(4110, 'Stopped', 'Battery'), (4140, 'Stopped', 'Battery'), (4026, 'Stopped', 'Battery'), (4168, 'Stopped', 'Battery')]",0.7449664429530202,1.731164383561644,0.01161855290980969
1.2896593729888757,"[(4110, 'Stopped', 'Battery'), (4026, 'Stopped', 'Battery'), (4168, 'Stopped', 'Battery')]",0.7449664429530202,1.731164383561644,0.01161855290980969
1.2896593729888757,"[(2852, 'Stopped', 'Battery'), (4140, 'Stopped', 'Battery'), (4110, 'Stopped', 'Battery'), (4168, 'Stopped', 'Battery')]",0.7449664429530202,1.731164383561644,0.01161855290980969
1.2891946308724833,"[(4140, 'Stopped', 'Battery'), (4026, 'Stopped', 'Battery'), (4168, 'Stopped', 'Battery')]",0.7651006711409396,1.685,0.011308724832214765
1.2890774420141184,"[(4110, 'Stopped', 'Battery'), (2708, 'Stopped', 'Battery'), (4168, 'Stopped', 'Battery')]",0.738255033557047,1.7461139896373057,0.011718885836491983
1.2890774420141184,"[(4110, 'Stopped', 'Battery'), (4140, 'Stopped', 'Battery'), (2708, 'Stopped', 'Battery'), (4168, 'Stopped', 'Battery')]",0.738255033557047,1.7461139896373057,0.011718885836491983
1.2874548270521426,"[(4110, 'Stopped', 'Battery'), (4168, 'Stopped', 'Battery')]",0.7449664429530202,1.7282051282051283,0.011598692135604887
1.2874548270521426,"[(4140, 'Stopped', 'Battery'), (4110, 'Stopped', 'Battery'), (4168, 'Stopped', 'Battery')]",0.7449664429530202,1.7282051282051283,0.011598692135604887
1.2870495482919966,"[(4026, 'Stopped', 'Battery'), (4168, 'Stopped', 'Battery')]",0.7651006711409395,1.6821963394342763,0.011289908318350847
0.8148207848539023,"[(2708, 'Stopped', 'DC')]",0.738255033557047,1.1037117903930131,0.00740746168049002
0.8108623442264475,"[(2708, 'Stopped', 'DC'), (4026, 'Stopped', 'DC')]",0.7114093959731543,1.1397970687711387,0.007649644756853279
0.8057937116850032,"[(4026, 'Stopped', 'DC')]",0.7181208053691275,1.1220865704772476,0.007530782352196292
